"","variant","er1","er2","er4","er5","er6","mean","count","endo_se"
"1","L63_",0.14977114299434,0.156442738103187,0.229380554168337,0.00738941753894626,0.00456943801422724,0.109510658163808,5,0.0445161353935886
"2","L63R",0.152881662647933,0.799232234124602,0.166751567483053,0.033176776114259,0.010254935162153,0.2324594351064,5,0.145081006581571
"3","L63H",0.355242796407991,0.689969256520744,0.349223079986836,0.130069749505813,0.357573231657029,0.376415622815683,5,0.0895949019684197
"4","L63K",0.210910348342144,0.148040146107969,0.0212705926729699,0.066138828128276,0.00662567167269697,0.0905971173848112,5,0.0388783704193235
"5","L63D",0.124740802107224,0.00783652844386293,0.0117647982029002,0.00738309571589498,0.00318398535234023,0.0309818419644444,5,0.0234791019554464
"6","L63E",0.0182847377257427,0.0126996623344287,0.0610572891077802,0.0158771950992057,0.0027574860048568,0.0221352740544028,5,0.0100832605745026
"7","L63S",0.0928545445844209,1.70301972378878,0.861746004543906,0.069803502165037,0.0137982518555746,0.548244405387544,5,0.328154506512256
"8","L63T",0.00627239536900104,0.289086679584963,0.0186546876340004,0.00173213025031684,0.0173223297327105,0.0666136445141984,5,0.0557111406421998
"9","L63N",0.0109251072647635,0.088513991276529,1.62393526388846,0.0404988059149848,0.00329334526565332,0.353433302722078,5,0.31797761933502
"10","L63Q",0.00585146363055116,0.0115467417862402,0.0407884997965853,0.00275073967944627,0.00268561347177222,0.012724611672919,5,0.00719885048297544
"11","L63C",1.01767235820071,0.575803376120771,1.69481049092908,0.0287901047288234,0.000941845968870548,0.663603635189653,5,0.319262430516079
"12","L63G",0.584937576605632,0.463631920773166,0.351680053615729,0.643605630385125,0.204080817128178,0.449587199701566,5,0.0793786253666271
"13","L63P",0.799467421472938,0.62563871245509,0.334687430670761,0.256533456488348,0.0576460003014289,0.414794604277713,5,0.132560795434988
"14","L63A",0.0593004304834686,0.025113198116083,2.64405318358922,0.00808015924011348,0.00502836748465035,0.548315067782707,5,0.524023279878316
"15","L63V",0.195596035632332,0.186803190021433,0.58098001543873,0.612704086437012,0.306580229959493,0.3765327114978,5,0.0925214407841925
"16","L63I",1.65385679485956,0.0650038392057752,0.0882717803242229,0.0806871430714348,0.0191673124239741,0.381397373976993,5,0.318340833129846
"17","L63L",0.631175955439,0.214405169440564,0.638010360905308,0.110255135995186,0.0516640069997631,0.329102125755964,5,0.127415501956553
"18","L63M",0.0427230405017268,0.0337401348295819,0.156777357242523,0.0270485617079836,0.00192235873001789,0.0524422906023667,5,0.0269510162771484
"19","L63F",1.97476675777146,0.334210025622552,0.260815212746417,0.0661900080634034,0.032246105192019,0.53364562187917,5,0.364757271602586
"20","L63Y",1.82834416120978,0.0504624923087621,0.485529522298564,0.0992221632411279,0.010322409877017,0.494776149787049,5,0.344024864640392
"21","L63W",0.00677183281543822,0.0111431600520433,0.0141110864080582,0.0542078108606319,0.00214144156306554,0.0176750663398474,5,0.00935463300969474
"22","S64_",1.21599013597308,0.011153137969617,0.0242728186124554,0.00427297555204947,0.0045716713777137,0.252052147896984,5,0.241011753364399
"23","S64R",0.0274093084276024,0.0398750820612076,0.199571385528606,0.243970205443404,0.0624768666109649,0.114660569614357,5,0.0446428153031662
"24","S64H",0.0326862734537889,0.0223164377610514,0.0347870229650948,0.0103363072337071,0.0103363072337071,0.0220924697294699,5,0.00524330637162391
"25","S64K",0.142153550666489,0.0169572251119484,0.00570410676392866,0.00565361046882519,0.00470819359616232,0.0350353373214707,5,0.0268742184785787
"26","S64D",0.0214780544503896,0.0266463759780422,0.00822864397644081,0.00771405895294281,0.00749046966547112,0.0143115206046573,5,0.00406547960688076
"27","S64E",0.0181920179359203,0.131166220646151,0.00693634519919871,0.00427220139214601,0.00427220139214601,0.0329677973131124,5,0.0246837648576709
"28","S64S",0.24023776096475,0.0909535313635324,0.14211071240734,0.0892256766983108,0.0587266012346403,0.124250856533715,5,0.0319380960373425
"29","S64T",0.0179130800650625,0.02768473605073,0.0254928550251013,0.0174168829570511,0.0396984239292735,0.0256411956054437,5,0.00405688808677027
"30","S64N",0.0524827533260954,0.311723667325624,0.106596144616264,0.233711206672026,0.140928643485909,0.169088483085184,5,0.046268810949335
"31","S64Q",0.0173939869263402,0.0956221749125272,0.0275776531458619,0.00596894620425923,0.00550046162784265,0.0304126445633662,5,0.0168046373353452
"32","S64C",0.0343837619404133,0.197503957732939,0.0370035200492412,0.066243855884804,0.0564186070557493,0.0783107405326294,5,0.030387303394788
"33","S64G",0.068596406375711,0.548877922197449,0.100309054703207,0.177172074811602,0.159749905662463,0.210941072750086,5,0.0867362791703474
"34","S64P",0.0356663498530075,0.0311509922013627,0.0102486896080482,0.0112786901359915,0.0112786901359915,0.0199246823868803,5,0.0055541035591972
"35","S64A",0.00840899903885211,0.0111862810137893,0.0425654386647413,0.00265915898049394,0.00176335249290188,0.0133166460381557,5,0.00752055831187705
"36","S64V",0.0348986304726517,0.00572137706283795,0.0193951996351119,0.00369687469866162,0.0266757854064893,0.0180775734551505,5,0.00599205070366802
"37","S64I",0.0537849352636215,0.0793393547101411,0.260032495317929,0.0665972444206666,0.149080817178305,0.121766969378133,5,0.0382940987266342
"38","S64L",0.0147870754288851,0.794302681893297,0.00627912597171148,0.00284813426143068,0.00451236809571029,0.164545877130207,5,0.15745262468715
"39","S64M",0.0140585101428562,0.0118392139998161,0.0317052273436709,0.004535824098519,0.004535824098519,0.0133349199366762,5,0.00497532455424605
"40","S64F",0.971962571825254,0.0215922086363561,0.0397917993065917,0.0348681985814557,0.133068784896839,0.240256712649299,5,0.183992867350342
"41","S64Y",0.0258964830173228,0.0169326857977332,0.0745874349165033,0.00648722831559609,0.00648722831559609,0.0260782120725503,5,0.0126578664599285
"42","S64W",0.00684933366227442,0.00571898060137173,0.0565388748666418,0.109979493696779,0.0473850924194298,0.0452943550492993,5,0.0191822932709564
"43","F65_",0.0351555937256607,0.0282910147815346,0.0414999652135468,0.0238935323065115,0.00541968687942313,0.0268519585813353,5,0.00613872907849367
"44","F65R",0.0147187653837083,0.0583667702297307,0.116777474435123,0.00248249819586687,0.00248249819586687,0.0389656012880592,5,0.0220011768239811
"45","F65H",0.0351379302725974,0.188856396855407,0.0134619976381036,0.0744160894957522,0.0111115891925589,0.0645968006908837,5,0.0330757665445506
"46","F65K",0.399793904169943,0.0930720103215511,0.0072764428307839,0.00592526064741954,0.00600600636639249,0.102414724867218,5,0.0762160786891728
"47","F65D",0.018916764992912,0.0482537461485799,0.0412019030455703,0.00658470301359474,0.00365225854390601,0.0237218751489126,5,0.00901921652110376
"48","F65E",0.0848264687531543,0.0160684895861801,0.134163994972495,0.0308190364615435,0.00299790902654586,0.0537751797599838,5,0.0244475503696662
"49","F65S",0.329828132305803,0.116234948256587,0.145279486437076,0.111699575121995,0.161641806636674,0.172936789751627,5,0.0402942252209769
"50","F65T",0.0225802000858832,0.152019794062219,0.0984872466920468,0.0796784294068402,0.00714048622937207,0.0719812312952722,5,0.0262800031830604
"51","F65N",0.0106551984780272,0.334570648351841,0.00408220562884406,0.0140985572076086,0.00382809935287042,0.0734469418038383,5,0.0653103643207888
"52","F65Q",0.0180802711320912,0.0149235314632086,0.00692688969976979,0.178465530061718,0.00571748374907991,0.0448227412211735,5,0.0334924127110795
"53","F65C",0.0348108099159294,0.0401555651914926,0.155874302776174,0.122763410290282,0.0222355315830272,0.0751679239513811,5,0.0268656378892131
"54","F65G",0.00749059743787711,0.00920622358252718,0.752339285007909,0.00600821510882593,0.00129744432509534,0.155268353092447,5,0.14927353047664
"55","F65P",0.0210210222823737,0.143286303117637,0.00805354641324809,0.00664743091574521,0.00664743091574521,0.0371311467289499,5,0.026676276011909
"56","F65A",0.0186005407779028,0.0153529642063294,0.0541109599519062,0.00588200745690131,0.00588200745690131,0.0199656959699882,5,0.00890432636330263
"57","F65V",0.0519523060499168,0.184400178057933,0.0595139043416478,0.0536195216784146,0.0697401552471524,0.0838452130750129,5,0.0253308272295198
"58","F65I",0.0460790491891271,0.050771561202438,0.0586291742398392,0.0396207245430536,0.0867299152437607,0.0563660848836437,5,0.00819942881885112
"59","F65L",0.586128429782628,0.448187533057095,0.551925303166716,1.79601520645725,0.122429666324189,0.700937227757575,5,0.285756434748413
"60","F65M",0.0165641791817425,0.0234034165716067,0.0397538733843893,0.00523805337854502,0.00523805337854502,0.0180395151789657,5,0.00644288854157584
"61","F65F",0.71467589310032,0.122954720907269,0.0943058777535516,0.79042821560268,0.118592017021313,0.368191344877027,5,0.157446751706925
"62","F65Y",0.129910990750662,0.560843695719547,0.150880403640291,0.138416551903768,0.0773318460146409,0.211476697605782,5,0.0882368406184628
"63","F65W",0.0354671157651155,0.365882452215519,0.00606308726539246,0.00520585233778629,0.00298067571227056,0.0831198366592169,5,0.0709422635888212
"64","E66_",0.114544912225879,0.370086244288068,0.28278169386467,0.0778155071332235,0.162004687348555,0.201446608972079,5,0.0545192360798503
"65","E66R",0.797714916681993,0.149910849947759,0.444219605853501,0.314538707817243,0.000801632982723369,0.341437142656644,5,0.136417014858259
"66","E66H",0.029307059767876,0.0241901697903047,0.0313404158425065,0.00721983149034255,0.00926770603891735,0.0202650365859894,5,0.00505444128820455
"67","E66K",0.522646835511799,0.534872353847013,0.121736179764206,0.176036371637487,0.12459473955851,0.295977296063803,5,0.0955425824914391
"68","E66D",0.100182206023926,0.209245498601115,0.877535018474974,0.0986351492751414,0.21750270995829,0.300620116466689,5,0.146468752832818
"69","E66E",NA,NA,NA,NA,NA,NA,0,NA
"70","E66S",0.0950449135353087,0.0912026864775806,0.0261645620718287,0.0908400676262657,0.00354871130552286,0.0613601882033013,5,0.0193328705507284
"71","E66T",0.0273122052885427,0.0254254107067364,0.0114553006165222,0.8515660309474,0.000813979356799458,0.1833145853832,5,0.167132853373353
"72","E66N",0.0214596040340217,0.0899858869237429,1.47987872135733,0.0908854729284586,0.0134180043167332,0.339125537912058,5,0.28565788664813
"73","E66Q",0.416167762546288,0.378344678244955,0.0701359187691107,0.265705873381491,0.0339477408695941,0.232860394762288,5,0.0780677885737699
"74","E66C",0.420129459304417,0.433373088021418,0.00547797786620916,0.00400099487237089,0.00738868803151284,0.174074041619186,5,0.103177697464314
"75","E66G",0.955785381979957,0.186341677548222,0.363392217548477,0.198971273498677,0.0936316400965695,0.359624438134381,5,0.155243452383727
"76","E66P",0.178461458450178,0.0573991493039165,0.908395577139663,0.411279834965141,0.0014839930561043,0.311404002583001,5,0.165017683873677
"77","E66A",0.783095238741406,1.40551350548091,0.507443190671219,1.25997056277593,0.034369500971657,0.798078399728223,5,0.250026636569226
"78","E66V",0.0897106741192994,0.248916445335891,0.541356394816235,0.327057596012457,0.0559430284272822,0.252596827742233,5,0.0877908465131452
"79","E66I",0.0187951802684527,0.0155136204564477,0.0714747601176533,0.0641144835911386,0.00900272725827636,0.0357801543383937,5,0.013215883316516
"80","E66L",0.423166709865875,0.122174995610542,0.396985097287484,0.0759983760619329,0.00771356665614133,0.205207749096395,5,0.0856965904187744
"81","E66M",0.0337773876085521,0.064416053225379,0.835578360078288,0.017940091086665,0.0143439734161344,0.193211173083004,5,0.160834751387709
"82","E66F",0.0403111707357739,0.298968176588096,0.0183768218793447,0.144376853875525,0.0127475114672971,0.102956106909207,5,0.0544757028017939
"83","E66Y",0.186120250056975,0.0439174801278001,0.113958868238042,0.0243034657119814,0.00396297253234693,0.074452607333429,5,0.0335011388577453
"84","E66W",0.457989056381029,0.0489330023811451,0.0575581312006972,0.190685980189963,0.0367541972575999,0.158384073482087,5,0.0799205209402745
"85","A67_",0.0577880634829457,0.0376516123225702,1.51776891689721,0.141717354649897,0.0026010151645391,0.351505392503432,5,0.292462814592284
"86","A67R",1.09964461686535,1.2619978250566,1.59203539621309,0.348698178213477,0.0261589770082446,0.865706998671351,5,0.292529072954177
"87","A67H",0.125294766970435,0.017395149559408,0.086369608127003,0.0951272955410548,0.00287514914658895,0.065412393868898,5,0.0235845728683529
"88","A67K",0.00718719473216626,0.073271008556159,0.388452503522113,0.709015984397802,0.00319241460281073,0.23622382116221,5,0.137844302235485
"89","A67D",1.5140087325754,0.0681356545736674,0.190086097188582,0.142025682407675,0.028170111374279,0.388485255623921,5,0.282786006950082
"90","A67E",0.512325038492014,0.178949005300277,0.83793227659797,0.101979543778196,0.143997013872066,0.355036575608105,5,0.140980549896802
"91","A67S",1.02602660511895,0.497248890420363,0.406716325867951,0.683267076623883,0.212413453889486,0.565134470384127,5,0.137930009148372
"92","A67T",0.321096905849846,0.601387564022758,0.918668303535107,0.183359804417848,0.824073292091603,0.569717173983432,5,0.141164973343982
"93","A67N",0.0774402266180875,0.0639194871586732,0.032093472377233,0.0223131775258934,0.0244887498632754,0.0440510227086325,5,0.0111977548180485
"94","A67Q",1.2956858395213,0.35986662135906,2.22377251985959,0.0612651289445413,0.00435461566974956,0.78898894507085,5,0.426891356288064
"95","A67C",0.0230137550970367,0.252582414696204,0.0100949270205772,0.0657810183594664,0.00552206146964574,0.071398835328586,5,0.0465285309229039
"96","A67G",1.4495157018482,0.546992853001278,1.05131464970249,1.49845826214196,0.0925001147037296,0.92775631627953,5,0.269799366792891
"97","A67P",0.300633214250797,0.169594760218728,0.446820207457029,0.620086516531367,0.62070581349328,0.43156810239024,5,0.0886901544369925
"98","A67A",0.640347204074939,0.474277787583674,1.79410916728361,2.52850576461092,0.46907688176938,1.1812633610645,5,0.417748162617565
"99","A67V",0.290228544036017,0.384860721880501,0.20173839858626,0.982269783284275,0.751905167956046,0.52220052314862,5,0.148289773982005
"100","A67I",0.371598343909022,0.0700051089471807,0.218146136550828,0.00928905389512723,0.00566804421043067,0.134941337502518,5,0.0705855409341329
"101","A67L",1.10903016909708,2.83950463030133,1.99230293445458,0.712775073609979,0.0189913701095795,1.33452083551451,5,0.493238538624728
"102","A67M",0.0602262156635216,0.37051791001915,0.00856442703528019,0.00430999632257092,0.0128539973663665,0.0912945092813778,5,0.0705317064519594
"103","A67F",0.0205938159845854,0.0398176357002887,0.0307577865253281,0.680308454287163,0.00521291853508485,0.15533812220649,5,0.131368317573636
"104","A67Y",0.0238099992147898,0.137463197822549,0.169944555096711,0.0187708094753137,0.00729727461279738,0.0714571672444322,5,0.0340728325630317
"105","A67W",0.0202747112683318,0.0141707580475804,0.192558550916233,0.00335727369955374,0.00324758456477255,0.0467217756992943,5,0.0366045532013028
"106","V68_",0.0221599316797952,0.0413244364768493,0.221199104533915,0.0130578522396234,0.0160608643757921,0.0627604378611949,5,0.0399136014008714
"107","V68R",1.36386564305121,0.163084851344758,1.33532660427163,0.24404946917522,0.0497601139179328,0.631217336352151,5,0.294930744827794
"108","V68H",0.0752414150733033,0.0160205837387116,0.0588652257334194,0.831128546569888,0.00248503090802596,0.19674816040467,5,0.159156320583741
"109","V68K",0.00507169784806847,0.00458114677714236,0.0391945395714619,0.147510981540446,0.0479295794594763,0.0488575890393189,5,0.026176645302242
"110","V68D",0.346005276497823,0.571372379049553,0.632245885887143,1.70216961495461,1.50063863716355,0.950486358710536,5,0.27185446787528
"111","V68E",0.0298716896296595,0.131504357638546,0.061370192757025,0.0936569228656669,0.0288530298036688,0.0690512385389131,5,0.0196414908917565
"112","V68S",0.0338322691233303,0.0412513251526961,0.631423982515275,2.15525138019704,0.205632796257753,0.613478350649219,5,0.400447091706129
"113","V68T",0.122770981731311,0.00627187372134565,0.00451107433883534,0.0587959271494282,0.0053047048621599,0.039530912360616,5,0.0232422416406625
"114","V68N",0.145090682707999,0.0172565709776562,0.0123966154288522,0.0474869984238167,0.0220008714436436,0.0488463477963936,5,0.0248112841495791
"115","V68Q",0.20549804753822,0.282582501445394,0.0311081643719816,1.74127071435102,0.00642387278387369,0.453376660098098,5,0.326141305475501
"116","V68C",0.112767050654251,0.152325481510489,3.19967414763467,0.0293515800018999,0.00663139691305153,0.700149931342872,5,0.625447438636884
"117","V68G",0.0299271433765445,0.0219508306769011,0.627677050445809,0.22416149105739,0.0158244431903297,0.183908191749395,5,0.117631548626874
"118","V68P",0.139151393382374,0.0343828391314869,0.00441651780637114,0.0753008233114365,0.00764994642476371,0.0521803040112865,5,0.0251789699696617
"119","V68A",0.1104163538657,0.612075166748865,0.144969770776981,0.157375879797256,0.0534260692579806,0.215652648089357,5,0.100731128423476
"120","V68V",1.72946788926288,0.299625831663137,0.215512470770566,0.955666650289439,0.116391167701514,0.663332801937506,5,0.304472828328892
"121","V68I",0.088293402578897,0.103982107068122,0.181779829171512,0.10278332225904,1.00801549326823,0.296970830869159,5,0.178515151162402
"122","V68L",0.945319526607004,0.214090069300185,0.678914593485916,0.0493860634541321,0.188868760499153,0.415315802669278,5,0.169714893663969
"123","V68M",0.264016627400789,0.0241618196256893,0.157786616931953,0.0310609266871565,0.0163065784316802,0.0986665138154537,5,0.0488571747437776
"124","V68F",0.0357634380824827,0.292360349200706,0.858770984087469,0.0524267080188568,0.130759054085379,0.274016106694979,5,0.153078992140729
"125","V68Y",0.610042972034894,8.41421442925135,0.0314350291191064,0.0468575605788676,0.109378724034624,1.84238574300377,5,1.64642610305388
"126","V68W",0.0616039940087625,0.0381821551326693,0.0384763157263355,0.00163888070861196,0.00302434416988273,0.0285851379492524,5,0.0115317777251071
"127","R69_",0.0919856366627844,0.0571990622217124,0.0231893322192596,0.0181449739179835,0.0261017636936996,0.0433241537430879,5,0.0139579114818599
"128","R69R",0.569883537317404,0.26396020285588,0.34015725317808,0.29711975870425,0.824258909114952,0.459075932234113,5,0.105848602771013
"129","R69H",0.573718553179863,0.328198126655962,0.361696774653395,0.232927687218245,0.494977677219116,0.398303763785316,5,0.0607125656632439
"130","R69K",10.3678352617265,0.757621942799491,0.123671755446414,0.00730113458376966,0.00514492366996068,2.25231500364522,5,2.03367597129169
"131","R69D",0.345662612789724,0.285311367287316,0.0609116750070917,0.035487570031192,0.0746019306284958,0.160395031148764,5,0.0643379498936276
"132","R69E",0.0194399939709667,0.0144353103481722,0.0366369781240727,0.00553043711751955,0.00553043711751955,0.0163146313356501,5,0.00573975264203014
"133","R69S",0.353175329474379,0.467800446999826,2.11834983391896,0.414745083989112,1.94301953357915,1.05941804559229,5,0.397899579439175
"134","R69T",0.0477874846638641,0.204467641738973,0.0494430722609629,0.0174914419496666,0.0544977367245638,0.074737475467606,5,0.0330777721866377
"135","R69N",NA,NA,NA,NA,NA,NA,0,NA
"136","R69Q",0.426252322834781,0.183323492653969,0.0630614860592174,0.0431940947047292,0.0286430465929029,0.14889488856912,5,0.0745362366337086
"137","R69C",0.712306334305177,4.02959453665887,1.31079973407025,0.654773043888568,1.37454775247891,1.61640428028036,5,0.621188524640692
"138","R69G",1.91325145864124,0.230405598031792,0.25021504438766,0.0610506420223629,0.211988450745835,0.533382238765778,5,0.346583948923066
"139","R69P",0.15869399002123,0.214097254109,0.537715631962804,0.116232593626384,3.41859932095055,0.889067758133993,5,0.636721424871218
"140","R69A",2.55888688980658,0.135445586477401,0.27918527921719,0.0653409924408914,0.138891848814943,0.6355501193514,5,0.48208571135091
"141","R69V",0.0507208015745566,0.0431134913996814,0.0362466080439004,0.245898381243344,0.206248540980838,0.116445564648464,5,0.0452503129110988
"142","R69I",3.43510266455399,0.0663323866487723,0.190161563836915,0.0254131767428526,0.0328969681038438,0.749981351977274,5,0.671932274131836
"143","R69L",0.323324283285403,0.415626819794746,0.221149389706127,0.831888429605718,0.327104568507827,0.423818698179964,5,0.10656350488743
"144","R69M",NA,NA,NA,NA,NA,NA,0,NA
"145","R69F",0.0524332013898692,0.0674336597790082,0.0219833500879374,0.0287451276953432,0.0275475168978524,0.0396285711700021,5,0.00869723102156622
"146","R69Y",NA,NA,NA,NA,NA,NA,0,NA
"147","R69W",6.16930973252334,0.060278003562269,0.102698174828602,0.0603125602365192,0.00794631033365495,1.28010895629688,5,1.22239251015062
"148","N70_",NA,NA,NA,NA,NA,NA,0,NA
"149","N70R",0.012784682323193,0.0105525302968856,0.00489805067923847,0.00404287153029829,0.00404287153029829,0.00726420127198273,5,0.00183904075606899
"150","N70H",NA,NA,NA,NA,NA,NA,0,NA
"151","N70K",0.155135991443031,0.887789532574865,1.74341558486324,1.88062286601805,0.675378704821805,1.0684685359442,5,0.326840100747872
"152","N70D",0.426912424094419,0.528988436361728,0.8446416199974,0.510308927436369,0.822001717287332,0.626570625035449,5,0.0862121608998526
"153","N70E",0.0386339727945353,0.0452966443458517,0.163390755344457,0.0294208832319103,0.0122171349091712,0.0577918781251852,5,0.0269779999668889
"154","N70S",0.424204081615436,0.307718025447411,0.227002756916667,0.351915864543777,0.927150124338416,0.447598170572342,5,0.124076842112462
"155","N70T",0.0861983761860119,0.0799858575240811,0.0476063448912982,0.636548335718489,0.16986386569469,0.204040556002914,5,0.109995235269467
"156","N70N",0.405306084855886,0.49483782692151,0.930074897638463,0.474238374721742,1.10926030880797,0.682743498589115,5,0.141216829205616
"157","N70Q",0.0748143666155328,0.0617520913226367,0.0286627817535387,0.0236583800207946,0.0236583800207946,0.0425091999466595,5,0.0107618371632006
"158","N70C",0.0519021627261821,0.0428402623386524,0.0198846883300131,0.0164129049703429,0.0164129049703429,0.0294905846671067,5,0.00746598078611737
"159","N70G",0.0134418756522308,0.0110949804212036,0.0051498337232211,0.00425069430858108,0.00425069430858108,0.00763761568276354,5,0.00193357617636055
"160","N70P",0.0292447969829337,0.024138777827027,0.0112042281618988,0.00924801681752907,0.00924801681752907,0.0166167673213835,5,0.0042067821628239
"161","N70A",0.0113505754407289,0.00936881247397801,0.0348302529877203,0.432158394935632,0.00358936711462728,0.0982594805905372,5,0.0836447520688569
"162","N70V",0.0193169863972676,0.0159443214190701,0.00740069842582887,0.00610856745458558,0.00610856745458558,0.0109758282302676,5,0.00277869440717812
"163","N70I",0.361449072596643,0.431025000118488,1.89411986254575,0.306211804257901,0.6377829522245,0.726117738348657,5,0.29735634766982
"164","N70L",0.0230273761717496,0.0190068926679032,0.0088222180769016,0.00728189572402175,0.00728189572402175,0.0130840556729196,5,0.00331242358743278
"165","N70M",0.0336833108449326,0.027802345745091,0.0129047057558656,0.0106515981405437,0.0106515981405437,0.0191387117253953,5,0.0048452499543767
"166","N70F",0.0724386989897537,0.0597912053215129,0.0277526190968583,0.022907127954696,0.022907127954696,0.0411593558635034,5,0.010420104026918
"167","N70Y",0.22339748509291,0.309451480919284,0.462681315517097,0.206188112134565,0.871359623122061,0.414615603357184,5,0.122880285801758
"168","N70W",0.0236190476909825,0.0194952608161819,0.012205705783908,0.00746899868676454,0.00746899868676454,0.0140516023329203,5,0.00324990849068334
"169","I71_",1.12051303927205,1.58406633635593,0.0329890079929775,0.140025561446236,0.0138529288728825,0.578289374788017,5,0.325085370351873
"170","I71R",0.00586810874771014,0.00659514403563728,0.0236354958331098,0.231771511995116,0.00201191119755174,0.053976434361825,5,0.0446045802107192
"171","I71H",0.0388649702059316,0.044264831199297,0.0148898962761401,0.0154532100076243,0.0122901827045327,0.0251526180787051,5,0.00677550555570921
"172","I71K",0.0946641861468906,0.226203756696103,0.073810396307372,0.0255518407995775,0.00915375019158879,0.0858767860283064,5,0.0383666509506587
"173","I71D",0.0337768168257839,0.262193746218091,0.0214929257405771,0.00728577534973419,0.00762634712762971,0.0664751222523632,5,0.0491756616977718
"174","I71E",0.0436531320888683,2.1407462968555,0.197834577635557,0.0488670204080001,0.00955293272640772,0.488130791942866,5,0.414424885687582
"175","I71S",0.091152587482496,0.137993483701835,0.0462213173916259,0.10738327573871,0.0291086279640529,0.082371858455744,5,0.0199251985352719
"176","I71T",0.509459396285487,1.72729334998889,0.685943629756249,0.539782136879672,0.278993656118736,0.748294433805807,5,0.25328731449756
"177","I71N",0.57151433913104,0.295376198599358,0.552147396905908,0.209525789516153,0.298753070042305,0.385463358838953,5,0.0738196907120316
"178","I71Q",0.051221895275986,0.311403772209349,0.0196240651590758,0.0161977855142735,0.0161977855142735,0.0829290607345916,5,0.0574976898556668
"179","I71C",0.08726392618764,0.0375585444018574,0.0744594117342063,0.0123551860131871,0.0123551860131871,0.0447984508700156,5,0.015557371738419
"180","I71G",0.202377947483049,0.193853325007861,0.657368859249533,0.0053202999775662,0.00231526171860084,0.212247138687322,5,0.119469491707923
"181","I71P",0.107914698878856,0.0200467507001888,0.00930487742002153,0.00768028476589165,0.00768028476589165,0.0305253793061698,5,0.0194846283397886
"182","I71A",0.0991202242632803,0.110179890470868,0.0984998803407512,0.00359627196316619,0.00359627196316619,0.0629985078002464,5,0.0243397411326573
"183","I71V",3.42714642929665,0.779109170467119,0.288070245117166,0.221001696503774,0.116648658623588,0.96639524000166,5,0.62562680862458
"184","I71I",0.255617825740276,0.240275701157186,0.554203512342892,0.791859020841892,0.749384109072779,0.518268033831005,5,0.117435704932564
"185","I71L",0.443314319326445,0.0203441559039222,0.0212462953243292,0.0125092909288028,0.00825526938858506,0.101133866174417,5,0.0855795573894889
"186","I71M",0.118622025788176,0.514126378744604,0.180390138603229,0.218708540226298,0.122589075062459,0.230887231684953,5,0.073230682963258
"187","I71F",0.759743049297093,0.27439230588076,0.259695169317669,0.230849071256417,0.418822715923736,0.388700462335135,5,0.0982867573543568
"188","I71Y",0.588753324797394,0.0907837456760333,0.0242244719513581,0.031007311739041,0.0199949805345587,0.150952766939677,5,0.11020130543111
"189","I71W",0.0260909803895103,0.0215356044112476,0.112987838175473,0.00825069244176396,0.00825069244176396,0.0354231615719518,5,0.0197141054366976
"190","H72_",1.82585104239817,0.311015563725467,0.355652286759097,0.271406063105672,0.146285231021225,0.582042037401926,5,0.312901519041811
"191","H72R",0.353667544271178,0.459612376622283,0.339752536779314,0.240454368414503,0.184643344380544,0.315626034093564,5,0.0477328795426478
"192","H72H",0.310210163797448,0.61385582937854,1.59635998101013,0.266453403343483,0.152109564470297,0.587797788399979,5,0.263440510312389
"193","H72K",0.305347795867067,0.52264743160398,0.182200049412097,0.0402077316472415,0.0767967524107924,0.225439952188236,5,0.0874622818307341
"194","H72D",1.29114957642705,0.317565754657735,0.15072992903291,0.115090230451863,0.0443661685360365,0.383780331821119,5,0.231237124110484
"195","H72E",0.404990505078863,0.636509616720016,0.103915232417735,0.289726746685553,0.0109014371230247,0.289208707605038,5,0.110863028826788
"196","H72S",0.357147195350703,0.0554651122477994,0.10261187228732,0.412353437920606,0.00930547619531393,0.187376618800349,5,0.0823807190563279
"197","H72T",0.0920248367653013,0.458406504631281,0.131210291609213,0.027387446322095,0.00218571560624938,0.142242958986828,5,0.0822832872934228
"198","H72N",0.990801496982075,2.61916341473971,0.387247780134416,0.0910522784005708,0.192519159353049,0.856156825921964,5,0.467546630509087
"199","H72Q",0.40790752988664,0.536940334350315,0.552440055586185,0.0937046723565883,0.187320111165715,0.355662540669089,5,0.0925401713039129
"200","H72C",0.204077789282123,0.0888337881151988,0.113364248245509,0.358601234240567,0.0337289586714167,0.159721203710963,5,0.0568193681973697
"201","H72G",0.316366137127904,0.0615728683005995,0.073792856642774,0.0187898002134119,0.0188571986988914,0.0978757721967161,5,0.055737982176792
"202","H72P",0.60955852667366,0.168142599930503,0.21852509359505,0.354424247116187,0.0382404749479469,0.277778188452669,5,0.0971756190745819
"203","H72A",0.0448990840977826,0.0801174352093961,0.172520133180803,0.0360691249579918,0.00920291316317536,0.0685617381218297,5,0.0283549318854462
"204","H72V",0.665719874956987,0.231429647730465,1.07629516763636,0.00877078297018992,0.00239103707544888,0.39692130207389,5,0.208267131964073
"205","H72I",0.00852384564560774,0.163042675781593,0.00994718925443098,0.0422290487723376,0.0231514387855666,0.0493788396479073,5,0.0290537857239509
"206","H72L",0.898523261463608,1.64522196353499,0.804610593459076,0.434335566457206,0.177647408130761,0.792067758609129,5,0.249484156066126
"207","H72M",0.0294626567624483,0.281751466002133,0.0157802020798314,0.00518416954186308,0.00961780413596281,0.0683592597044476,5,0.0535048536812638
"208","H72F",0.741018419723507,0.0418615133538627,0.427536361430953,0.208304188773565,0.00286417598492015,0.284316931853361,5,0.136540520521851
"209","H72Y",0.310400054805045,0.630243252431579,1.71076616055958,0.330541843227411,0.777044713670753,0.751799204938874,5,0.255667927379297
"210","H72W",0.128988680882795,0.131918365335519,0.0931303286084541,0.03197605910116,0.00587441167863061,0.0783775691213116,5,0.0255495140626769
"211","K73_",0.551752863531944,0.167211874342365,0.56109126134186,0.164965290827724,0.0810806107493146,0.305220380158641,5,0.103731539848644
"212","K73R",3.43542135135651,0.500227327284235,0.732692068044631,0.14422546544929,0.0812778322804696,0.978768808883028,5,0.625565746807897
"213","K73H",0.124584841306734,0.0424901132010274,0.177149921438924,0.0108203508461222,0.0174553453076825,0.074500114420098,5,0.0326950461830858
"214","K73K",0.57918256848932,0.285082430425155,3.51733719422699,0.508998831054262,0.218590697401011,1.02183834431935,5,0.627474265251967
"215","K73D",0.121654567989976,0.0642353094807599,1.34807203476194,0.573806976731316,0.0493484304540454,0.431423463883608,5,0.248725039751859
"216","K73E",0.800126937392717,0.0951677545224257,0.237430500446259,0.475315814487471,0.355062150994779,0.392620631568731,5,0.119764918254102
"217","K73S",2.65802587371081,0.0750904124896341,0.766683941403843,0.0605740901153346,0.00788344645538499,0.713651552835002,5,0.505756021030536
"218","K73T",0.572954044567151,0.332762003135367,0.186448797649005,0.0484899174894593,0.199325566195062,0.267996065807209,5,0.0885275491182508
"219","K73N",0.202023807648704,0.146498743639067,0.27704456915862,0.284506235119814,0.250656468906031,0.232145964894447,5,0.0258291619953226
"220","K73Q",0.101716550322069,0.0801722534252516,0.201445250864671,0.661130435038597,0.0807825880564658,0.225049415541411,5,0.111296252725419
"221","K73C",0.67427600770808,0.034769537114437,0.0407357917600686,0.026301109887407,0.0040696995471,0.156030429203419,5,0.129710696679363
"222","K73G",0.639145975838948,0.0333249883071339,0.218802744358131,0.26240701558905,0.00423718199375487,0.231583581217404,5,0.113625128010853
"223","K73P",0.208035743900333,0.116516543854718,0.690065962170579,0.131361067898797,0.181660972868208,0.265528058138527,5,0.107418969183118
"224","K73A",0.0827378992216398,0.0249966834735332,0.0330967866754448,0.285297597768694,0.0323552359304249,0.0916968406139473,5,0.0494802077260841
"225","K73V",1.27076141357049,0.0173808503123056,0.25558439174615,0.0126232258835825,0.0297900452013586,0.317227985342778,5,0.242728126170323
"226","K73I",0.391419053426773,0.0873978221609392,0.211634520313176,2.29312535190037,0.0930939160409614,0.615334132768443,5,0.423057106480599
"227","K73L",2.78010019693227,0.217982724927374,0.375252716275968,1.00412687959489,0.00591923786718745,0.876676351119538,5,0.50412235018211
"228","K73M",0.0643868153254858,0.0585492374874394,0.0481291584840825,0.812387824832525,0.00788067658072311,0.198266742542051,5,0.153846947987735
"229","K73F",0.568075762432328,0.263125666813233,0.463632882089524,0.00675092864921164,0.00965540663109864,0.262248129323079,5,0.114710294438029
"230","K73Y",0.079953526579366,0.0178948644171153,0.356153418823372,0.0200518846317842,0.0156059674226935,0.0979319323748663,5,0.0656697638672732
"231","K73W",0.730588192890354,0.0633145449254366,0.0334170668992249,0.0101794271456072,0.00264839986969087,0.168029526346063,5,0.14103644310754
"232","L74_",0.309536691146801,0.490141769330453,0.578542232432051,0.260122668407278,0.00761537339147513,0.329191746941612,5,0.0991586600289713
"233","L74R",1.61789483761914,1.13249270612195,0.476264035477127,0.0788013926828552,0.0128784010783765,0.66366627459589,5,0.310729927672424
"234","L74H",0.161717851424713,0.0529783139825192,0.0796543630150945,0.215103468701107,0.0261841459845013,0.107127628621587,5,0.0352687187511532
"235","L74K",0.0439802906494104,0.150757874370312,0.797037850418798,0.334301051629497,0.0081060435171058,0.266836622117025,5,0.14417793246514
"236","L74D",4.15484677821155,0.0408372137022898,0.538545443915163,0.00332710038603394,0.0118202337237869,0.949875353987764,5,0.80756688486326
"237","L74E",0.142499599152787,0.044246776044629,0.158839931292774,0.549468426727024,1.03033516614541,0.385077979872526,5,0.182971977413808
"238","L74S",0.054625861826361,0.135879443178598,0.187844099889166,0.00258755436984866,0.00102041240276811,0.0763914743333482,5,0.0371228121556981
"239","L74T",0.0178729411042925,0.0327328457640448,1.48192475836829,0.203273871211201,0.00133605339420081,0.347428093968406,5,0.285944270797975
"240","L74N",0.170493144438737,0.0971344310142216,0.0294969498497995,0.481977471205292,0.00824641337842777,0.157469681977296,5,0.0859534357697264
"241","L74Q",0.695593845143692,0.659164027802897,0.361993527513891,0.107133496244089,0.233038347604643,0.411384648861842,5,0.115970931226095
"242","L74C",0.28695985333349,0.0546282975981497,0.0415453334173745,0.00278352223053023,0.00282145431776748,0.0777476921794624,5,0.0533143570985921
"243","L74G",0.237222812218221,3.76694174533363,5.25744627884731,0.0194777147673539,0.00140262053090965,1.85649823433949,5,1.11027742092974
"244","L74P",0.778370395370706,0.345180843680603,1.33713784634593,0.0815629668069291,0.328816230078244,0.574213656456482,5,0.221259341246401
"245","L74A",0.013268058184088,0.145262150491188,0.154645454031739,0.526225790480322,0.00130505203674522,0.168141301044817,5,0.0950658062418408
"246","L74V",0.12830572669829,1.08396165469902,1.7390251343691,0.460389290545216,0.035250178039517,0.689386396870228,5,0.320357339488331
"247","L74I",1.09617242701707,0.61082798015834,0.100836387733605,0.449358210747232,0.1436450263095,0.480168006393149,5,0.180917510418356
"248","L74L",0.498432508871767,0.43027401917276,0.680467340731159,0.455751398444914,0.3540371076058,0.48379247496528,5,0.0544895934368389
"249","L74M",2.30626335342391,2.25069049277543,0.457729467273382,0.166576822785107,0.0875868243289786,1.05376939211736,5,0.503847409723145
"250","L74F",0.50813234242098,0.511745042954863,0.338826615175832,3.95744676682783,0.419587067670733,1.14714756701005,5,0.703298850372365
"251","L74Y",0.653873724092586,0.0433342296274632,0.0319571644227378,0.00364969102607417,0.0611909252300679,0.158801146879786,5,0.124120625038201
"252","L74W",0.0316616768712999,0.205093692815078,0.0178653628631656,0.139164641780517,0.00491259814638545,0.0797395944952892,5,0.0393598604520789
"253","M75_",8.97950411963481,0.244596919315833,1.3189558649237,0.135994755573127,0.0051791107286805,2.13684615403523,5,1.72654178095622
"254","M75R",0.885079669018171,0.266421841649271,0.512246439327183,0.715983144186643,0.0223101607921802,0.48040825099469,5,0.154258257596727
"255","M75H",0.0482924659931692,0.0398608035476752,0.0216523009314425,0.115349744471845,0.015271418636464,0.0480853467161192,5,0.0178432690385431
"256","M75K",5.69178660987369,3.98512102776242,5.9068140940809,1.48838304176147,0.288879225465019,3.4721967997887,5,1.12218669043699
"257","M75D",0.238859533985258,0.197155659042601,0.908349269537111,0.0389423929325692,0.0196882225225977,0.280599015604027,5,0.162672635163455
"258","M75E",0.0148286145142894,0.011663524393124,0.156739218172026,0.0396974202691599,0.00313235153107809,0.0452122257759355,5,0.02853776281257
"259","M75S",0.740454373495892,0.194161601447046,1.50005266534674,0.362108572226353,0.00144720993509132,0.559644884490224,5,0.264692475746436
"260","M75T",0.255032546727719,0.245360416164321,0.379166837269257,1.11875638532575,0.346882727777735,0.469039782652955,5,0.164463174020435
"261","M75N",0.0299924708018381,0.131163650101018,0.064460340368036,0.100825526550233,0.00948445203899048,0.067185287972023,5,0.0222991187361493
"262","M75Q",0.030111755960823,0.0288701273883206,0.592939781861911,0.0224882622965669,0.0195305957159341,0.138788104644711,5,0.113554890509545
"263","M75C",0.210627977456007,0.0199766977752957,0.00927236173262697,0.0111153573816436,0.00765344618142931,0.0517291681054004,5,0.0397817686114532
"264","M75G",1.00863047721953,0.198076056510812,0.104784380711756,0.995952205716596,0.04525242227656,0.47053910848705,5,0.218458536671701
"265","M75P",0.727499013337555,0.992653519853054,0.262756338258286,0.471966801588697,0.0975507745328737,0.510485289514093,5,0.160148271851598
"266","M75A",0.141025457133595,0.28125209913621,0.492462213989334,0.0127848586476384,0.00455028589849348,0.186414982961054,5,0.0916355235119242
"267","M75V",0.800440635534293,0.823123980399868,4.50470475262402,1.30170437848071,1.20606401704959,1.7272075528177,5,0.70154822557193
"268","M75I",0.247716976211404,0.285831760988694,0.426239030589643,0.75817781461569,0.566948674296192,0.456982851340325,5,0.0940321681280362
"269","M75L",2.00445900758219,0.407282134491645,0.886177842998835,0.86769078854289,0.132660044666187,0.85965396365635,5,0.319727002722493
"270","M75M",NA,NA,NA,NA,NA,NA,0,NA
"271","M75F",0.506049134318113,0.0662009862675739,0.0233087254202227,0.0270662558733045,0.0275214345337205,0.130029307282587,5,0.0943301387180875
"272","M75Y",0.0210210222823737,0.167754348510922,0.0128377008673334,0.0406792276211197,0.00664743091574522,0.0497879460394987,5,0.0300441353920771
"273","M75W",0.18356265170244,0.0708351449048018,0.00726247949843013,0.567805349458845,0.0104429565751184,0.167981716427927,5,0.104925757897651
"274","D76_",0.00885875254208431,0.01093414495808,0.0202685415027674,0.0028013835260793,0.0028013835260793,0.00913284121101806,5,0.00322101190317285
"275","D76R",0.00911938001161388,0.00532486335343086,0.00233422901639395,0.00204005464553538,0.00204005464553538,0.00417171633450189,5,0.00138335546165295
"276","D76H",0.946897986480141,0.168440472686668,0.198757596147179,0.782428858357229,0.220709801108346,0.463446942955912,5,0.166054955012616
"277","D76K",0.0094273870422569,0.0508297375968888,0.0083194757191678,0.00298120154374898,0.00298120154374898,0.0149078006891623,5,0.00907830943844962
"278","D76D",0.346551438045506,0.276075007980441,0.32493136721388,0.685131718604921,0.535732551930508,0.433684416755051,5,0.0767787975283387
"279","D76E",0.0354537303336286,0.0510619411263216,0.227953113481385,0.06724848451558,0.104462649576515,0.0972359838066861,5,0.0346320168802888
"280","D76S",0.0472988797130545,0.00855259775674426,0.00739118915013464,0.00210136503648114,0.00210136503648114,0.0134890793385791,5,0.00855574599486336
"281","D76T",0.00630721089328936,0.00564435958469595,0.100592151943975,0.00216245962150597,0.00216245962150597,0.0233737283329945,5,0.0193237125307221
"282","D76N",0.0541950324949754,0.0679349106454688,0.0965143731606476,0.0539628619832278,0.148912999536037,0.0843040355640713,5,0.0179143764898916
"283","D76Q",0.016655849685741,0.0202215951043776,0.0620250657843015,0.0084411599768677,0.00439072819637377,0.0223468797495323,5,0.0103127482418983
"284","D76C",0.0127068461357118,0.00704799080091773,0.00293484201662503,0.0119203681825077,0.00270021696722767,0.00746205282059798,5,0.00212986617535816
"285","D76G",0.247332448425938,0.0873771283882701,0.206847781623706,0.216763617380018,0.0659326293578657,0.16485072103516,5,0.0367755922298
"286","D76P",0.261568453484748,0.0577831394208695,0.0371511737118835,0.00599760441473716,0.00476998979566469,0.0734540721655806,5,0.0480720174533688
"287","D76A",0.0316662270681218,0.152334013355067,0.0316773156074569,0.0659640154614931,0.00943541130289854,0.0582153965590074,5,0.0252061205120229
"288","D76V",0.420153856754597,0.152769587725104,0.303148361448426,0.0551670193301305,0.0898608112060262,0.204219927292857,5,0.0686863200438063
"289","D76I",0.00799850007122082,0.00660199543465221,0.0114809986278569,0.00252934780900768,0.00252934780900768,0.00622803795034906,5,0.00170629120791651
"290","D76L",0.0185057725841536,0.0953365412115604,0.0137403348230216,0.00190479812868206,0.00190479812868206,0.02627844897522,5,0.0175709826408123
"291","D76M",0.0135690115366481,0.0111999189122994,0.00461847824883478,0.00429089820529093,0.00429089820529093,0.00759384102167282,5,0.00199221116555027
"292","D76F",0.0604180514996213,0.049869312573526,0.0231472844381224,0.0191058654528155,0.0191058654528155,0.0343292758833801,5,0.00869096754234626
"293","D76Y",0.0892617371782962,0.110367343166612,0.146227689343318,0.102579422133066,0.237108358684485,0.137108910101155,5,0.0267205826564471
"294","D76W",0.0538486102807278,0.00784252344050222,0.00545729568526719,0.00300461726725969,0.00300461726725969,0.0146315327882033,5,0.00984532064094677
"295","D77_",0.199066575712499,0.165874196226628,0.440605056039658,0.102583190385823,0.107353412317909,0.203096486136503,5,0.0620812848725357
"296","D77R",0.972324461290886,0.383496900888367,0.0830415551049128,0.302682701448918,0.0460505894407142,0.357519241634759,5,0.166435883261185
"297","D77H",1.31707047027149,0.211214435289609,1.88457120289669,0.0721011909630965,0.123537527863967,0.72169896545697,5,0.370614887649166
"298","D77K",NA,NA,NA,NA,NA,NA,0,NA
"299","D77D",1.02799343381226,1.08872297957349,1.26768042806992,1.15677430480653,2.12396356825304,1.33302694290305,5,0.201698509281008
"300","D77E",0.439614687853629,3.61541643137223,0.78425265173427,0.372231600052731,0.211480647715239,1.08459920374562,5,0.639572221581461
"301","D77S",0.242267681799279,1.32730373651894,0.0848082739560108,1.19867219724186,0.247429305239573,0.620096238951131,5,0.264864196493051
"302","D77T",2.88637143360014,1.1368953635393,0.0459959602721317,0.0863792935247021,0.00350719687988792,0.831829849563232,5,0.555587794068556
"303","D77N",0.290138814736754,0.320294312012397,0.31967682809294,0.911373913501086,3.0358622226138,0.975469218191396,5,0.528125132864038
"304","D77Q",0.037795789905488,0.199332949189105,0.863392104348968,0.0654660674820807,0.0050683600774744,0.234211054200623,5,0.160724216740315
"305","D77C",0.230689628330683,0.370166420772049,0.0901617408439183,0.255148737502435,0.059012576192283,0.201035820728274,5,0.0569545342870204
"306","D77G",1.91325982773398,2.44062733793072,1.35858006272619,1.61443172399418,0.297477093884291,1.52487520925387,5,0.355782598770092
"307","D77P",0.135571688358259,0.434179447086994,0.153933826347566,0.0545613022175116,0.0115080315433721,0.157950859110741,5,0.073808569580926
"308","D77A",2.66266425093397,1.09800733396032,0.549227094833497,1.37671730291522,0.338520715216302,1.20502733957186,5,0.409056461966449
"309","D77V",2.29582449874027,1.0398469657249,0.657996007525809,1.07269228114424,0.195160889279007,1.05230412848285,5,0.349076438311411
"310","D77I",0.262171663828279,0.200852385881763,0.0568463806191165,0.0494501519684982,0.304704629507922,0.174805042361116,5,0.0523514029502976
"311","D77L",0.214024148487779,0.133191320833533,0.900557129431415,0.0479809719854523,0.0484029785853543,0.268831309864707,5,0.160910388670493
"312","D77M",0.947448796591376,0.115960188209144,0.0491422691569342,0.42100744375652,0.023489910552239,0.311409721653243,5,0.174132122241309
"313","D77F",0.0286128550730177,0.136209577092836,0.138006175484413,0.0741499938592453,0.0279313867315288,0.0809819976482081,5,0.0243981690682659
"314","D77Y",0.226340216057844,0.393942652107131,0.458395223962171,0.387533927319563,1.16952192668731,0.527146789226805,5,0.16508971542333
"315","D77W",1.76251321407364,0.0982594985487552,0.539919746272993,0.563085031317231,0.116140852564895,0.615983668555502,5,0.303397028804443
"316","D78_",0.0151457258106466,0.0125013454730295,0.00580261055527494,0.0215011632072042,0.00478949903780431,0.0119480688167919,5,0.00308872559695332
"317","D78R",0.00289305515827055,0.0144201551295882,0.00661385923762471,0.000914864369663386,0.0023991136026774,0.00544820949956486,5,0.00243137373991523
"318","D78H",0.131234836864414,0.649708661919402,0.159024921907721,0.105388476022662,0.197342644485179,0.248539908239875,5,0.101445372945009
"319","D78K",0.0131684054513046,0.010869256972813,0.0135501508842563,0.316235319504876,0.00416421543787,0.0715974696502239,5,0.0611826298589915
"320","D78D",0.736562073025776,0.808234262365309,0.998025873305836,0.812338551013602,1.60584581499771,0.992201314941647,5,0.159395641442603
"321","D78E",0.0460431759961577,0.0886759237943285,0.163503666298378,0.081628202367256,0.0711351565690353,0.0901972250050311,5,0.0197009128448048
"322","D78S",0.0155105059829304,0.0114258784898662,0.0159802463902846,0.00152502524188955,0.147937941738305,0.0384759195686552,5,0.0274886095904216
"323","D78T",0.01102079847199,0.00909661318377593,0.00422227381775092,0.00340462690630422,0.00799010480704661,0.00714688343737354,5,0.00145047425742802
"324","D78N",0.0333757654612637,0.0595750081601996,0.58069590310577,0.0526762501651052,0.218723097549273,0.189009204888322,5,0.103407697554792
"325","D78Q",0.0984731870051577,0.0114408049416759,0.00531035124648247,0.00781757052570455,0.00438318614408986,0.0254850199726221,5,0.0182879139347557
"326","D78C",0.0300461726725969,0.0193355133997255,0.0898111977062948,0.00950143406161147,0.0314017385394315,0.036019211275932,5,0.0140216160480283
"327","D78G",0.0295908625295125,0.0842739745622043,0.0365592804589435,0.0516656096001289,0.0228573072794437,0.0449894068860466,5,0.0109221357184752
"328","D78P",0.0145607263545763,0.0120184844736096,0.00538908732265244,0.00460450596669017,0.00790567370227346,0.00889569556396041,5,0.00191748712169342
"329","D78A",0.0490559855651859,0.0508390332257271,0.0425712349979126,0.00830826057751998,0.161026105607213,0.0623601239947118,5,0.0258436797167277
"330","D78V",0.0441609601134468,0.0561444759630405,0.0540163088899296,0.214641357103117,0.0824766429243698,0.0902879489987808,5,0.0317284527991107
"331","D78I",0.01050187827637,0.00801277804110354,0.0163643744451993,0.00332098550631723,0.00803870921213448,0.0092477450962249,5,0.00212523709215043
"332","D78L",0.0235489038557908,0.0219141194689452,0.00368801989327905,0.024559184530836,0.00372383521378376,0.015486812592527,5,0.00482801547108393
"333","D78M",0.0477971455559777,0.0394519639857687,0.0183119795500437,0.0151147845611485,0.0151147845611485,0.0271581316428174,5,0.00687548555991427
"334","D78F",0.0239053496313161,0.0197315756359836,0.011007015824303,0.0154338430535182,0.00738204341890888,0.015491965512806,5,0.002955066112796
"335","D78Y",0.0581615750455062,0.086513124194463,0.23863027542699,0.347327455272051,0.255262065082862,0.197178899004374,5,0.054410104674252
"336","D78W",0.00655787172315293,0.00541289476674122,0.00251244319068271,0.00207378112483764,0.00207378112483764,0.00372615438605043,5,0.000943331485841609
"337","A79_",6.921885605643,1.54864964381339,0.452255195739431,0.119462091038636,0.220467035955277,1.85254391443794,5,1.29264521330289
"338","A79R",1.66559323751227,0.324425425261083,0.237731439585831,0.397719426640218,0.0644444142646457,0.537982788652809,5,0.287330414957559
"339","A79H",0.468599104157383,0.119466674493065,1.39075967484822,0.101439573927367,0.00631139144016509,0.417315283773241,5,0.255698990062754
"340","A79K",0.478093034252378,0.621836762927079,1.1725644084377,0.213956239089594,0.0034763137945974,0.497985351700269,5,0.199499812722453
"341","A79D",1.42811327910221,0.956546697049367,1.59093495808634,0.938430120714655,0.492001113365818,1.08120523366368,5,0.195352957867853
"342","A79E",1.95792067608084,2.9739677019285,0.901614501006367,0.204907955110613,0.0667586004232449,1.22103388690991,5,0.551483054601413
"343","A79S",1.48178669536408,1.80479802958829,1.80631134384816,2.20825055185887,0.436676521646102,1.5475646284611,5,0.300667914575246
"344","A79T",1.35419223310362,0.753786991986883,0.999991460134766,0.856795884183263,0.163006192838107,0.825554552449329,5,0.194291400290539
"345","A79N",0.0921168627339038,0.157228746016272,0.790869621718456,0.323259329271811,0.0021208849345876,0.273119088935006,5,0.139680360455865
"346","A79Q",0.619367033129197,0.0865443714115134,0.557129420213613,0.987196475824077,0.00767790335714997,0.45158304078711,5,0.181173709359914
"347","A79C",0.221318372681261,0.422487652926325,1.77483408872682,0.144225435801802,0.0783235733517002,0.528237824697582,5,0.316960032396584
"348","A79G",1.17789995058977,0.491790721243483,0.973492592560384,0.67153552447973,0.335985883023681,0.73014093437941,5,0.154160920602108
"349","A79P",0.134527249977234,0.289586711780521,0.600981488438936,0.170131558110443,0.066634756039524,0.252372352869332,5,0.0943564278112764
"350","A79A",1.45588841100058,0.546880942515204,3.30078306138395,0.696392372122523,2.0490895133841,1.60980686008127,5,0.502005885666634
"351","A79V",1.1158173971028,2.21836478955948,0.962513377494456,0.293593174881547,0.437616156005255,1.00558097900871,5,0.340173641740775
"352","A79I",3.63570633381082,0.316888179560783,0.258527186740662,0.352468888425355,0.0058834626200002,0.913894810231524,5,0.683149518112292
"353","A79L",1.92410750076524,0.404533277829864,0.84380880678124,0.855085513630381,0.0690664745495394,0.819320314711253,5,0.312838830135337
"354","A79M",4.5858767730636,0.27714388531153,0.0285945226021204,0.288000427413579,0.00263278438103536,1.03644967855437,5,0.889373477636907
"355","A79F",2.45158518099836,0.343460112182772,1.79829708119791,0.643762067454016,0.0523629024996075,1.05789346886653,5,0.457361216998927
"356","A79Y",0.480492528822754,1.16772096760884,0.925166336730147,0.524692715737248,0.0563402679413056,0.63088256336806,5,0.192196605978963
"357","A79W",0.0862874920810613,0.0373363603836575,0.0297339979732452,0.213461600696589,0.0218399233979626,0.0777318749065031,5,0.0357458116954897
"358","N80_",1.57839979163882,0.0684200120262212,0.173021436737953,0.125211417030414,0.0112168370094078,0.391253898888562,5,0.298024266400552
"359","N80R",0.632596544386419,0.111678930657811,0.407667723872713,0.0330102015659432,0.0147666345399958,0.239944007004576,5,0.12088954442508
"360","N80H",0.0248232662694552,0.0918243049735637,0.10863702710106,0.0144777493713456,0.0199758145902785,0.0519476324611405,5,0.0199571503393328
"361","N80K",0.145995848776171,0.111841435553846,1.3030849683149,0.124685737713354,0.0991375055224084,0.356949099176136,5,0.236660644213599
"362","N80D",1.0334292138276,0.762463401663904,0.490531091809476,0.499838715325382,0.0496322179053136,0.567178928106335,5,0.163369144402193
"363","N80E",0.133310733983934,0.0774955611652256,0.01487152967373,0.0691808502701097,0.00381484907020086,0.0597347048326401,5,0.0234070977491825
"364","N80S",0.86319931290923,1.75599948317718,0.598684315654377,1.60392568886813,0.11471120170105,0.987304000461993,5,0.308136372171605
"365","N80T",0.171553469898271,0.689342700724698,0.0579730069693667,0.021781912726539,0.579961987856431,0.304122615635061,5,0.138268281610513
"366","N80N",NA,NA,NA,NA,NA,NA,0,NA
"367","N80Q",1.55425922188808,0.025215750995357,0.0321842515191131,0.0222592973064494,0.00219431705164901,0.32722256775213,5,0.306799660697389
"368","N80C",0.0965256641451635,0.1765826595015,0.57671737384556,0.0605939792338884,0.00981424681922826,0.184046784709068,5,0.101858584253342
"369","N80G",0.676763160302693,0.150076194881508,0.42261670774532,1.59078251881386,0.00147819228501144,0.568343354805679,5,0.280593699460254
"370","N80P",0.0217130611436512,0.14472779804517,0.228753772396785,0.0219408261528387,0.00274121835368221,0.0839753352184254,5,0.0441449376724493
"371","N80A",0.232170633663409,0.0489814991782974,0.653811427454288,0.127200358480122,0.00703212244662066,0.213839208244547,5,0.11648285712875
"372","N80V",0.0596336595179743,1.27375773609886,0.0905288024246445,0.175309059507055,0.0163423800084949,0.323114327511407,5,0.239081200034789
"373","N80I",0.173566403521316,0.23319611541673,0.207113448369958,0.590610218208854,0.406909395782401,0.322279116259852,5,0.0782554303275581
"374","N80L",0.123568177589259,0.175389865789331,0.169432516046876,0.4404198617036,0.02569451034085,0.186900986293983,5,0.0688142594542225
"375","N80M",1.01323392948439,0.14534218203251,0.0309954406953848,0.469950287475267,0.00746087058361411,0.333396542054234,5,0.188927331148726
"376","N80F",0.0657272368346286,0.432459730022202,0.0946943293773286,0.332536792264182,0.0289301910497835,0.190869655909625,5,0.08048914529216
"377","N80Y",0.493139750665964,0.361059812979772,0.406947945343133,1.14003321497351,0.197765292032171,0.51978920319891,5,0.162333052028768
"378","N80W",0.306059540792019,0.0278594799617194,0.0589287058518343,0.11268796953917,0.0376037333429023,0.108627885897529,5,0.0514945224146623
"379","G81_",0.00988822479781265,0.00816178213298556,0.00395648693415019,0.00312693123768459,0.00802643135023069,0.00663197129057274,5,0.00131018222566117
"380","G81R",0.0490710127579254,0.173536332276991,0.0165606458632785,1.52981624271883,0.0213324242031801,0.35806333156404,5,0.294324917366817
"381","G81H",0.0204674489438277,0.0168939180199948,0.00784146212375776,0.0064723756555703,0.0064723756555703,0.0116295160797442,5,0.00294418522329457
"382","G81K",0.0134010807913767,0.0110613081723172,0.275912497351173,0.00423779384086821,0.00423779384086821,0.0617700947993207,5,0.0535667072140482
"383","G81D",0.0473943601604079,0.0479815390062821,0.104262532605012,0.17441735848215,0.097597585980377,0.0943306752468456,5,0.0233178594987784
"384","G81E",0.0590952057931228,0.00562779704007228,0.00261219198990385,0.00687706990930021,0.00215611420119023,0.0152736757867179,5,0.0109914877360733
"385","G81S",0.120589627472617,0.161924974543614,0.0383684811745466,0.0905550985613178,1.46987194682024,0.376262025714467,5,0.274143384192777
"386","G81T",1.17188523310011,0.00867775042206242,0.00320508752003707,0.0330144482812571,0.00377829696998653,0.244112163258692,5,0.232007657585437
"387","G81N",0.745432477244851,0.0478885302056131,0.00623828117521138,0.00291214527091527,0.00253224703977794,0.161000736187274,5,0.146357526832343
"388","G81Q",0.0152151701262378,0.0125586651017616,0.00582921597014191,0.0048114592585863,0.0048114592585863,0.00864519394306278,5,0.00218865962135899
"389","G81C",0.138262839730681,0.36021405933567,0.276925058426551,0.062978607180125,0.178726658027185,0.203421444540042,5,0.0522333093610529
"390","G81G",0.102322822003506,0.0873681864684507,0.220703472794791,0.0937662320219315,0.151337239841019,0.13109959062594,5,0.0250726304284893
"391","G81P",0.190378288501454,0.0406789948215874,0.00488041705344548,0.0061100423292992,0.00548185107670515,0.0495059187564983,5,0.0358717822054614
"392","G81A",0.0339535506751284,0.0168625031480004,0.0174915590660065,0.140418594000311,0.047916759903339,0.051328593358557,5,0.0230037140416958
"393","G81V",0.202959986848786,0.0189992158876071,0.0342498047669129,0.0360443517276387,0.0249565035760504,0.063441972561399,5,0.0350174089149779
"394","G81I",0.0265463859058092,0.0124285300810479,0.0450135644227593,0.00263066580121894,0.006496076621834,0.0186230445665339,5,0.00774735572978441
"395","G81L",0.0425231380028922,0.0434554887434792,0.0530299092118744,0.128018416666813,0.00183019893728927,0.0537714303124696,5,0.0205475048160978
"396","G81M",0.0271698425698258,0.0224261017702074,0.00425510064278082,0.00428919958093993,0.00277524151319813,0.0121830972153904,5,0.00521150734941656
"397","G81F",0.141677803336866,0.289033299192623,0.150756905433134,0.693322066703756,0.00245287951213764,0.255448590835703,5,0.118484615991453
"398","G81Y",0.117781282881749,0.0354280756239013,0.00330055568346288,0.0128396285932195,0.00217575456165324,0.0343050594687972,5,0.0217070003133078
"399","G81W",0.0133176965061486,0.00654816154319621,0.00734347576129313,0.0450501168867802,0.00776145696127485,0.0160041815317386,5,0.00735951835806
"400","D82_",0.0217998409784641,0.0179936799818015,0.0307867606426149,0.102094826142932,0.00962748863446269,0.0364605192760551,5,0.0167571252755415
"401","D82R",0.00708618516580657,0.00584896689344089,0.0027148499420766,0.0226010962374968,0.0288153276157705,0.0134132851709183,5,0.00516404107986931
"402","D82H",0.0563937664269644,0.0536019636140654,0.0506919213802357,0.130012478686817,0.0715105973344042,0.0724421454884974,5,0.0148337220866054
"403","D82K",0.0365056729188484,0.0476284548226401,0.199804665982201,0.0133939582959004,0.0166598354464408,0.0627985174932061,5,0.0348293824604466
"404","D82D",NA,NA,NA,NA,NA,NA,0,NA
"405","D82E",0.0399968307598916,0.0439525410796734,0.572038472600782,0.0667672124252107,0.0824435267061117,0.161039716714334,5,0.103040145192843
"406","D82S",0.00793190815825677,0.00664154579232131,0.0146029557580923,0.0734157881032309,0.00987775182537691,0.0224939899274556,5,0.0128019952040203
"407","D82T",0.0489268738679897,0.0113374998473336,0.00526240126924703,0.00434360803219623,0.00439111905651584,0.0148523004146565,5,0.00861761415842826
"408","D82N",1.69972622269989,0.274310294762525,0.14766166128941,0.266175407170446,0.148355234886131,0.50724576416168,5,0.299373231348572
"409","D82Q",0.035181070780278,0.0290386030642519,0.0189243359121983,0.0111252314189276,0.0111252314189276,0.0210788945189167,5,0.00482193569243276
"410","D82C",0.963421668630173,0.0108427995395377,0.0855223014113511,0.27469039281494,0.0184922624671667,0.270593884972634,5,0.179625229948323
"411","D82G",0.039725623642348,0.043982169932957,0.104769432302013,0.151827502920504,0.0492660690320777,0.07791415956598,5,0.0219258355453735
"412","D82P",0.01981880987112,0.0163585286146536,0.00759295637521111,0.00626725797065672,0.00626725797065672,0.0112609621604596,5,0.00285088030882484
"413","D82A",0.0113923231415626,0.0241508655301649,0.00521081939906687,0.0159239187427119,0.00753747222595293,0.0128430798078919,5,0.0033605293641753
"414","D82V",0.0407863275370553,0.129745062563361,0.109221879296091,0.0670137282894781,0.0831428393334883,0.0859819674038948,5,0.0155977604305369
"415","D82I",0.0326435935093563,0.0263578177312945,0.0241726558921883,0.0135459701178054,0.024335030577056,0.0242110135655401,5,0.0030779634168332
"416","D82L",0.104967676489894,0.0087103504284266,0.00718372415165245,0.0033303202382299,0.00593854065616539,0.0260261223928736,5,0.0197550642480984
"417","D82M",0.028277172651359,0.023340096653978,0.0709827840290444,0.00892386556519124,0.0197664625207786,0.0302580762840703,5,0.01066655227483
"418","D82F",0.0321747784434384,0.0230671036761735,0.0174207653220237,0.010253567268726,0.022511382267818,0.0210855193956359,5,0.00360342223948385
"419","D82Y",0.144812252348262,0.421992904673036,0.452499971694815,0.175041437675476,0.344199681183124,0.307709249514942,5,0.0630447613419176
"420","D82W",0.0134599922096939,0.0111099339035563,0.017510786293956,0.0078393500309647,0.0162001063391891,0.013224033755472,5,0.00174288795880163
"421","V83_",0.70088778631365,0.0706581210933931,0.733847500896364,8.10473210655924,1.58304520599057,2.23863414417064,5,1.48610344356846
"422","V83R",0.880994201843018,0.175089408467483,0.600242207116703,0.942567710093025,0.0192196626633777,0.523622638036721,5,0.185067249947562
"423","V83H",0.0643550116079134,0.0531188959241436,0.00609170011052932,0.0554129839065898,0.00527117404606513,0.0368499531190483,5,0.0128628967778781
"424","V83K",0.00813471993365567,0.0479829157632944,0.051794540090098,0.058995796272625,0.0062751351661244,0.0346366214451595,5,0.0113415427306187
"425","V83D",0.0322063478885669,0.124809607640328,0.153825743275787,0.00564870431894656,0.00227957954085787,0.0637539965328972,5,0.0316158902071276
"426","V83E",0.293058050006576,0.173760144886593,0.426043378678874,0.226052532355727,0.134437094921742,0.250670240169902,5,0.0512756289488626
"427","V83S",0.107978321992688,0.174952785006875,1.47031228576887,0.0137348031395758,0.0410410724903689,0.361603853679676,5,0.278583227434225
"428","V83T",0.130859047469488,0.131756147723412,0.0857967949312423,0.209685985834111,0.00341781054057548,0.112303157299766,5,0.0337377838444107
"429","V83N",0.0356865252784481,0.340828650940799,0.390372487481093,0.0328044335903223,0.0044381140510113,0.160826042268335,5,0.0841424758168492
"430","V83Q",0.0624279071212618,0.0302264219042369,0.108324686707183,0.00725047696819719,0.00237437659599356,0.0421207738593745,5,0.0196628164905315
"431","V83C",0.113421940119421,0.136834256808113,0.0440154013259441,5.99947553093633,0.0014410341953855,1.25903763267704,5,1.18535554637182
"432","V83G",0.165974801240259,0.203458127185801,1.13665614693592,1.1538795463482,0.0931838359313683,0.550630491528309,5,0.243421607944732
"433","V83P",0.00991443040271645,0.0509961093581143,0.00826860074382668,0.10632966922478,0.00303856882251174,0.0357094757103899,5,0.0196299096260293
"434","V83A",0.246991182586896,0.27357989011903,0.489687188204102,0.0920501696884717,0.0783971865287526,0.23614112342545,5,0.0746492948984064
"435","V83V",1.58966942845682,2.50605947027142,1.5948338895647,0.115827427202635,0.262218338489069,1.21372171079693,5,0.450968435106306
"436","V83I",0.182621666184706,1.08454859120803,0.251330679121089,0.874072627046362,0.00873194962568125,0.480261102637173,5,0.210189081624557
"437","V83L",1.00654686958382,0.302143522801384,0.307469100498203,0.76904982976384,0.211578258297184,0.519357516188886,5,0.155965766874562
"438","V83M",0.792311806923792,0.406778191574278,0.17877141781676,3.40725593501259,4.19097384307544,1.79521823888057,5,0.83321059313757
"439","V83F",0.0414037195374596,0.068304042579502,0.0825818119488501,0.366392776553574,0.117073668530942,0.135151203830066,5,0.059084742945766
"440","V83Y",0.108495993768089,0.0195125297364788,0.0342639358415488,0.0239383847820229,0.0260377725851745,0.0424497233426629,5,0.0166842044875121
"441","V83W",0.0560808819905472,0.703932099070348,1.78501456664621,0.36809831644495,0.0192092835536672,0.586467029541145,5,0.32412111563548
"442","D84_",0.410418915285532,0.0401939595826911,0.525182449675199,0.362260587868147,0.00430945674837418,0.268473073831989,5,0.104100478849521
"443","D84R",0.0200504972956411,0.0447431651828618,0.994029054706079,0.071429307901819,0.0009254977146976,0.22623550456022,5,0.192313314649235
"444","D84H",0.536183856958237,0.0986454718269735,0.0439882836289877,0.0173989765864693,0.0327967473583056,0.145802667271795,5,0.0985508216041081
"445","D84K",0.0534799058841138,0.00852746118894104,0.92372376589455,0.00669113710054238,0.0139036791908168,0.201265189851793,5,0.180817326878048
"446","D84D",NA,NA,NA,NA,NA,NA,0,NA
"447","D84E",0.325715656895635,0.17875148965227,0.203453124445932,0.135213966957399,0.0630968224936829,0.181246212088984,5,0.0432718366450997
"448","D84S",0.0614467652605726,0.0812725833035294,0.603939003330641,0.244136847541716,0.0164942309556149,0.201457886078415,5,0.107719942018257
"449","D84T",0.975330422463687,0.0344581643510223,0.0895858610886225,0.0113015818538698,0.119077755918898,0.24595075713522,5,0.183348137106812
"450","D84N",1.33867849513135,0.112542683054285,0.756317459272114,0.134984509490027,0.366252777242404,0.541755184838036,5,0.230392120219158
"451","D84Q",0.260108843051263,0.0211562339840432,0.0091389301817343,0.0368361970196347,0.00275271203566725,0.0659985832544685,5,0.0488738858651307
"452","D84C",0.797017974785155,0.24864578862246,0.137964762584826,0.188475754417329,0.0204211668320955,0.278505089448373,5,0.134946538647743
"453","D84G",0.418084487785279,0.598928279668865,0.167685601027628,0.261788373563093,0.212823046854517,0.331861957779876,5,0.0789915155581817
"454","D84P",0.0569152867853665,0.0254134220184328,0.0375878471433218,0.00274250862268257,0.00811526900317345,0.0261548667145954,5,0.0098768208996248
"455","D84A",0.0880126908005449,0.331072353527621,0.0621237005732726,0.225000777338441,0.241951245949729,0.189632153637922,5,0.0502884071819417
"456","D84V",0.313313984503801,0.340789055948217,0.214095704635557,1.60565459293069,0.164906706284807,0.527752008860614,5,0.271371496622081
"457","D84I",0.109942678414742,0.0601921273919979,0.882242932850785,0.0506300001403902,0.00417919834126263,0.221437387427836,5,0.166052906803946
"458","D84L",0.438266065749266,0.056732784046582,0.12296659298586,0.503295513835975,0.00391754677488655,0.225035700678514,5,0.102599445584362
"459","D84M",0.17925511586022,0.104746080399,0.125629993687321,0.223074901977906,0.00195360043725445,0.12693193847234,5,0.0374797789883304
"460","D84F",0.233685782507143,0.104100094796737,0.0811900193342164,0.0896493442373904,0.00728846042618552,0.103182740260334,5,0.036670445226078
"461","D84Y",0.0658490268956913,0.0509574029292165,1.22973520880284,0.12920693976462,0.420352987743661,0.379220313227206,5,0.22288251084298
"462","D84W",0.394597130287618,0.00618056206904196,0.00951075794814338,0.128151504574816,0.00200867602230076,0.108089726180384,5,0.075447149538886
"463","V85_",3.01466280995062,0.501174342185062,0.33383955199663,1.56263265864326,0.0396936263054871,1.09040059781621,5,0.545405606712991
"464","V85R",1.8190838964437,2.31530988446552,1.36245233353768,0.400285026830739,0.00531968263898618,1.18049016478332,5,0.431188688426787
"465","V85H",0.21745310853237,0.407368619750714,0.0934386300879485,0.163569742240501,0.00978153628896631,0.1783223273801,5,0.0670157821629441
"466","V85K",0.173749836906562,0.286987864902297,10.1972083094292,0.0395613604259361,0.00577870118529631,2.14065721456986,5,2.01475979076284
"467","V85D",0.509843345808775,0.149582216950375,0.146648968708994,0.273576869323492,0.00646066427270543,0.217222413012868,5,0.0844923537820756
"468","V85E",0.264500767862031,1.44374563728496,0.315384505401321,0.20307479180675,0.199646271131171,0.485270394697247,5,0.240571271396028
"469","V85S",0.226762718968958,2.10047340887415,0.226126852345625,1.28738082314714,0.100953244819336,0.788339409631042,5,0.392089852139327
"470","V85T",0.0805967721585718,0.07625119352559,0.0389456433690555,0.0399688840357056,0.0393367883158858,0.0550198562809617,5,0.00958075940118379
"471","V85N",0.0591459500519866,0.0488193147145629,0.3328585125829,0.119438198724017,0.0277497571240229,0.117602346639498,5,0.0559286737528029
"472","V85Q",0.792554927963404,0.901050669859921,0.369941997497843,0.300261919946188,0.00631631794671398,0.474025166642814,5,0.164862143683021
"473","V85C",0.0453567331319023,0.520963692634658,0.135175420002365,0.0507486983980829,0.063867098454684,0.163222328524338,5,0.0908789278288255
"474","V85G",1.54543106212352,0.293949054303016,0.197995570748154,0.717153165969602,0.444969488444166,0.639899668317693,5,0.242787359831478
"475","V85P",0.327738521792667,0.0713257236371314,0.0617644257888547,1.28525769725589,0.0211813054507386,0.353453534785056,5,0.23916560492764
"476","V85A",1.13018954944034,0.721933967388005,1.41096888909023,0.399419471814337,0.252172729231337,0.78293692139285,5,0.217660993559379
"477","V85V",0.313834407338123,0.324576077318573,0.46279634329236,0.163902635041787,0.340788119084629,0.321179516415094,5,0.0475611856566224
"478","V85I",0.0757236721752878,0.0936707598992773,0.0164993807423264,0.0204062518220153,0.0137804190378411,0.0440160967353496,5,0.0168815676936452
"479","V85L",1.59030003863526,0.460999456010806,1.17086332091554,0.993733030652932,0.110171019377826,0.865213373118472,5,0.261645534282272
"480","V85M",0.207866846119378,0.189625402994266,0.260398321716297,0.232246274531401,0.143932191924066,0.206813807457082,5,0.0197088283014568
"481","V85F",0.0950722846004284,0.622779983134714,0.128993015421426,0.0264315433868706,0.0381377551591191,0.182282916340512,5,0.111702876334119
"482","V85Y",0.0286199387739882,0.0711776663705632,2.21926290032053,1.22235808742988,0.0518622352614747,0.718656165631287,5,0.438493371966823
"483","V85W",2.208461886159,0.445934616994795,0.136446792115103,0.0824962521772409,0.102865627365172,0.595241034962262,5,0.408693456806661
"484","E86_",1.56038843895819,0.759216068472117,0.519111943811138,0.790352865573861,0.240492519985606,0.773912367360181,5,0.220055773815712
"485","E86R",0.885699648638832,0.0920681414533027,1.12373654754669,1.13302713068355,0.000537684591374007,0.647013830582751,5,0.249633783942066
"486","E86H",0.138867109435042,0.0514670544524073,0.111742198169444,0.0276524657261394,0.0531385866713507,0.0765734828908767,5,0.0208448164690377
"487","E86K",0.040292376665157,0.165371335399462,1.60820214163771,0.180537587714756,0.354779956998907,0.469836679683199,5,0.288964997287267
"488","E86D",0.581913345439963,0.408190023367252,0.380145142280882,0.280538009154035,0.806636990527125,0.491484702153851,5,0.0925557434165773
"489","E86E",1.03425989496047,1.10352500933663,0.239053861805525,0.595369101595772,0.494074133078778,0.693256400155435,5,0.164340980849167
"490","E86S",0.369885306675679,0.033243936049249,0.855200046947461,0.0838709270168653,0.00126461158754281,0.268692965655359,5,0.160521618848572
"491","E86T",0.0748793515904952,0.0249437328422925,0.035637540916617,0.0173298652058049,0.00135319680289946,0.0308287374716218,5,0.0123475534509312
"492","E86N",0.0968375163933393,0.183829455367178,0.580065530057604,0.00921329881291667,0.00785297936822265,0.175559755999852,5,0.106227869913966
"493","E86Q",0.290474150248937,0.103797075564133,0.120788180574074,0.722049299977511,0.0653919991699137,0.260500141106914,5,0.121669334056439
"494","E86C",1.17206794304987,0.138735745041035,0.434506256741878,0.533461504474573,0.00123421894208002,0.456001133649888,5,0.203308151315663
"495","E86G",1.06485388322214,0.426955449792654,0.864624357452271,0.728852581405542,0.0228445039441506,0.62162615516335,5,0.182130804792433
"496","E86P",0.0068620288783519,0.023728047469595,0.0107411864071824,0.165248194160649,0.00164516787116329,0.0416449249573883,5,0.031115634446069
"497","E86A",0.705408910324256,0.0446717218116221,1.21361318458731,0.32359914412963,0.00649223089308742,0.45875703834918,5,0.22637609295898
"498","E86V",0.30542560361809,0.492452510716863,1.90572244403395,1.28057415604645,0.11078763138381,0.818992469159833,5,0.336598652258938
"499","E86I",0.290656972818192,0.2108089533369,0.133453664140209,0.0459820525007276,0.00388405134672443,0.136957138828551,5,0.0524761454157084
"500","E86L",2.93914262512967,0.193318685962942,0.836360194891864,0.1592797961292,0.0135085595727781,0.82832197233729,5,0.546369652623071
"501","E86M",2.07337132132583,0.217552088182338,0.197984677132087,0.0559110942487247,0.00245486277481287,0.509454808732759,5,0.393116175300298
"502","E86F",0.444281019537187,0.257219599575502,0.483253809657089,0.636715290782774,0.0170735719916567,0.367708658308842,5,0.106473323578157
"503","E86Y",0.279755834455073,0.201947492113574,0.188779923208875,0.0929805228225034,0.0745727313020218,0.167607300780409,5,0.037702393420764
"504","E86W",0.516676771614523,0.206505009992935,0.215849051258486,0.202420902762903,0.00253204994023916,0.228796757113817,5,0.0822893891187162
"505","E87_",5.12665434990869,1.82924078935601,1.57099502472503,1.18472577047493,0.472232228288221,2.03676963255058,5,0.805641291296961
"506","E87R",0.202337747523126,1.20378775904535,0.0486721484340154,0.854521129762557,0.0030329463651427,0.462470346226038,5,0.240128711862566
"507","E87H",0.0341886910875956,0.302610289099899,0.0238198922536406,0.0210213522749004,0.00668282753401946,0.0776646104500111,5,0.0564078185130119
"508","E87K",0.379747794252402,1.26845225780349,0.62563725900671,5.90549733379569,0.272842831027401,1.69043549517714,5,1.06785023881069
"509","E87D",0.800445283846433,1.3733829124804,0.464121648979604,0.159992543226943,0.182573064467653,0.596103090600206,5,0.226333630556578
"510","E87E",0.323116385471042,0.278460103187655,1.00566254295175,3.71606711451019,0.183753396130304,1.10141190845019,5,0.669726829673017
"511","E87S",0.180959783963332,1.70738556632565,1.39088867321331,1.70847532773134,0.0275046677766789,1.00304280380206,5,0.372266929615229
"512","E87T",0.225485350725538,0.265620078264472,0.38578314302143,0.0639380048865204,0.00281412178667317,0.188728139736927,5,0.0693652423465927
"513","E87N",0.474829566581764,9.79543812440153,0.650548864010915,2.60437528985517,0.00497200894097786,2.70603277075807,5,1.82714276371529
"514","E87Q",0.0511854316310409,0.205694547826596,0.225721835606537,0.0514821713007675,0.092235206753192,0.125263838623627,5,0.0378041951901134
"515","E87C",0.216104518456282,0.301755809513909,0.73518642639209,0.285349713687876,0.00742682319018863,0.309164658248069,5,0.118706044555451
"516","E87G",1.97416581208071,0.705605728276351,0.755067662619935,0.666446203429823,0.215236093383648,0.863304299958094,5,0.294052956015531
"517","E87P",0.0133362011930917,0.0148095672032534,0.0446391608140555,0.0130310098765,0.00902972311453517,0.0189691324402872,5,0.00648858771780981
"518","E87A",0.876093204510038,0.326014761642206,1.93852913671529,1.37398461192965,0.197188295068567,0.942362001973151,5,0.325438655157061
"519","E87V",0.444670090672067,0.931072915258532,2.35129736693739,1.05324755675799,0.321917477922716,1.02044108150974,5,0.360533552188835
"520","E87I",0.0548208144840064,0.199886019866611,1.71906258584679,5.25457713984906,0.00219684825560937,1.44610868166042,5,1.00380700499637
"521","E87L",0.311366179440076,0.52582020853255,0.470705988067158,1.37495604071723,0.441777435836224,0.624925170518647,5,0.190789673408
"522","E87M",0.130024199088431,0.0227161930323938,0.130284452786236,0.178233869795268,0.0059462834479195,0.0934409996300495,5,0.0335729988100606
"523","E87F",2.90713829927713,0.301013379152725,0.834664043592458,0.848529806079887,0.0173605073456703,0.981741207089575,5,0.506949279600622
"524","E87Y",0.177233292971108,0.570592299878887,0.666082464043594,0.45277053317302,0.0463683213376455,0.382609382280851,5,0.117442441564289
"525","E87W",0.0773554648991121,0.0180966143427062,0.0739733335652511,0.450657407839622,0.00819886635853367,0.125656337401045,5,0.0824606434865289
"526","S88_",0.581686554695699,2.33047272083819,3.09181503529986,1.68226141517329,0.0834296876951851,1.55393308274044,5,0.551915139155678
"527","S88R",1.86059656540198,1.07279243631467,2.2602862500242,1.0054645921514,0.0897681339655045,1.25778159557155,5,0.376200862293093
"528","S88H",1.34979458880521,3.96068244159793,0.215692423154667,1.72928350858359,0.0029519013328271,1.45168097269484,5,0.707425472785498
"529","S88K",0.957167305132405,1.82764192389321,2.38763778636692,0.705640310305434,0.0176403418796244,1.17914553351552,5,0.418543721373002
"530","S88D",0.365617670957366,0.835504549318277,0.494686022931685,0.586509399322423,0.042027893955961,0.464869107297142,5,0.130709903851909
"531","S88E",0.811785025884954,0.270784549569171,0.0506602828244787,1.49314422558314,0.00834979888510395,0.526944776549369,5,0.280720597272683
"532","S88S",1.11092403366266,1.59270246167859,1.09315521594681,1.09431568920434,0.371673657472542,1.05255421159299,5,0.195212443218302
"533","S88T",0.449967377290996,0.833043894440608,0.864490619916103,0.664036177668912,0.841572956537147,0.730622205170753,5,0.0787152639577557
"534","S88N",1.07562439826341,1.03070897272412,1.47599265835766,0.280545172929951,0.239840910984955,0.820542422652018,5,0.241626062325384
"535","S88Q",0.0839045329455373,4.72097583369183,0.0249608631041789,0.0797552427357566,0.00309810193492806,0.982538914882446,5,0.93473880678844
"536","S88C",0.539456284979626,0.500184222204987,1.15503336621497,0.408485210078794,0.275182294550171,0.575668275605709,5,0.151808277279183
"537","S88G",0.566634949991624,0.292654776679926,1.43235667102592,1.33174100417453,0.213772563109249,0.767431992996251,5,0.25815122597667
"538","S88P",2.25593456925664,2.85926371469509,0.0354440536921128,0.388824462429805,0.004675247382415,1.10882840949121,5,0.602892617467202
"539","S88A",2.77183981388321,1.74077753623776,1.31394681073022,4.05837035666665,0.372227144993454,2.05143233250226,5,0.632728556771721
"540","S88V",1.89314730647999,0.327354255734238,1.22307970233628,3.48609974873592,0.147411120094723,1.41541842667623,5,0.605997787728548
"541","S88I",0.148606778928255,0.331089304193543,1.22218843756494,0.984732488712859,0.133081120900183,0.563939626059955,5,0.226132464373835
"542","S88L",2.0733916741051,0.917558082701753,1.83938957929521,2.5121913013167,0.0774560965276602,1.48399734678929,5,0.437611919896607
"543","S88M",0.927963697061244,0.415900006017034,1.58473607298455,0.891641779490951,0.0423012775417972,0.772508566619115,5,0.260618964448377
"544","S88F",1.07381969363166,0.709622558979791,2.25622739848147,1.31870026202382,0.0270091827488257,1.07707581917311,5,0.366500563442948
"545","S88Y",1.39685390364673,1.15971750642527,0.689508095995087,1.32731142055778,0.0986671740836116,0.934411620141695,5,0.242634743636473
"546","S88W",1.38170075662215,0.732993259107524,0.850838975590886,0.718715551271215,0.141762452406545,0.765202198999665,5,0.197392967315662
"547","D89_",0.666385910508086,0.258109545448862,0.574287893627083,0.885092852215438,0.0172210037525606,0.480219441110406,5,0.153481214787558
"548","D89R",2.09920144143764,0.628972995026217,1.3313925846586,2.98128212028101,0.505301338301048,1.5092300959409,5,0.465260950726425
"549","D89H",2.78050965519532,0.442247400605877,0.259069733926514,0.45114929054937,0.156827055705144,0.817960627196445,5,0.493799873560137
"550","D89K",1.22317005958556,0.603086614309001,0.0257498690451338,0.608899125952221,0.00508353936137582,0.493197841650658,5,0.225287033325772
"551","D89D",0.893550303368188,0.912766299672079,1.17831539297443,0.980985114579918,1.78131203517981,1.14938582915489,5,0.165826274784852
"552","D89E",5.52181188192084,3.06455898458873,3.18359010597872,6.27608247627022,0.173569486504374,3.64392258705258,5,1.07344428606386
"553","D89S",5.48877765277774,3.42151562757728,1.29055467401537,5.03164084864723,0.0656921423958098,3.05963618908269,5,1.04913863997178
"554","D89T",4.25883893179349,0.404299148116331,0.462283058479178,5.32572261083543,0.00457709614653433,2.09114416907419,5,1.1183424134046
"555","D89N",4.15819698969502,1.28812611695754,0.988928280348549,1.48328413000702,1.92591956558569,1.96889101651876,5,0.568088419648077
"556","D89Q",0.701479570186129,1.14478160757469,0.0315815846287583,1.93331979852243,0.0056907728452453,0.76337066675145,5,0.362469299864766
"557","D89C",1.5716617921057,2.92610903887011,0.898496516024735,1.24493303236853,0.0985618470067696,1.34795244527517,5,0.464447230833708
"558","D89G",2.98356471905949,5.46809455205879,3.06899540137681,4.28525000983166,1.01522125157942,3.36422518678123,5,0.7424431135211
"559","D89P",0.498601914628908,0.0786960006980262,0.33809056186982,0.186497983844134,0.0173694477076984,0.223851181749717,5,0.0876466187769955
"560","D89A",1.88529990552418,7.3111019261852,0.253031723481082,0.503190123819585,0.210481240272842,2.03262098385658,5,1.354812800631
"561","D89V",2.41481123795772,3.3513608763396,0.943776935024316,2.91771941044863,0.600218655666051,2.04557742308726,5,0.543371970431266
"562","D89I",2.97153989839808,5.59764104009113,3.06986433350652,1.408343503533,0.0580336916944628,2.62108449344464,5,0.928010811684197
"563","D89L",1.92521450699131,2.20767730230521,2.03383746002844,0.363814221829472,0.375796646498957,1.38126802753068,5,0.415383068443523
"564","D89M",3.51434173746454,6.22486382546077,0.0414875345981003,3.02518955819811,0.00247736947741348,2.56167200503978,5,1.17137119228087
"565","D89F",4.43240300891118,3.54377506347291,0.841816813311556,1.26435221062228,0.171373941936344,2.05074420765085,5,0.821991185946782
"566","D89Y",2.99273262737085,1.4164083315944,1.33458643237199,0.8034358076847,0.276926624869528,1.36481796477829,5,0.455650038622584
"567","D89W",0.873777696494741,0.20975409042259,0.498552488911753,0.377249386149462,0.0302082568004398,0.397908383755797,5,0.14276082346955
"568","E90_",2.97226718822209,1.10709565150134,2.06980123498722,4.74925802024218,0.183414335910074,2.21636728617258,5,0.78650438643028
"569","E90R",2.82431847536589,2.33304901346256,1.68405624768386,0.83975023924833,0.00585768669109475,1.53740633249035,5,0.50710263338789
"570","E90H",0.496387640097215,0.0747132205315815,0.123009987292023,0.847153498791601,0.00246682534841099,0.308746234412166,5,0.159400150715229
"571","E90K",0.518182169195327,0.624717987442107,2.53519793999439,1.13135206709647,1.1054724408043,1.18298452090652,5,0.359915188123301
"572","E90D",3.48897488271795,1.72596323573224,0.644784709815949,0.383453505500446,0.385458852136773,1.32572703718067,5,0.594789726599259
"573","E90E",0.400085679813195,0.551479683437033,0.881821859923502,0.953014609796696,1.11130315344687,0.779540997283459,5,0.13164704671826
"574","E90S",1.4158967642489,3.08465041610393,0.55998116793765,2.15300457028836,0.0101135475508329,1.44472929322593,5,0.549214350460116
"575","E90T",2.74504003387949,4.27347964738771,4.563853988611,0.284236451890515,0.0564310893543076,2.38460824222461,5,0.956002845121291
"576","E90N",0.0438779468816719,0.0759177937977229,0.633329484571585,0.21055763396708,0.0118049605965928,0.195097563962931,5,0.114663332992838
"577","E90Q",0.758311394479431,0.964689320213982,0.733994531700636,0.418190028196559,0.154591470964291,0.60595534911098,5,0.142702772414481
"578","E90C",0.0294477904234006,0.0711544793935484,1.33063649424171,0.455025770354617,0.00378037813344426,0.378008982509344,5,0.251905974597998
"579","E90G",1.80685450056,0.7611196271042,2.34625434918463,1.73852778270075,0.555658723740413,1.441682996658,5,0.33822491764004
"580","E90P",0.0859749297893881,0.0377278207309908,0.0250725553915468,0.0274842897644721,0.070323976694691,0.0493167144742178,5,0.0122144715248296
"581","E90A",1.55990027090937,1.51563716128038,0.918010343047165,0.341831001769903,0.0668965889443298,0.880455073190229,5,0.301538203021614
"582","E90V",2.11988634374198,2.77752848333489,2.14101568518893,2.57851710050021,0.131398835070304,1.94966928956726,5,0.471831280669619
"583","E90I",0.444391277920512,0.635658490860742,0.40867205140517,0.499570579698769,0.0250710380442295,0.402672687585884,5,0.101987995594059
"584","E90L",1.93464012081868,0.974681578806243,0.380698568238679,2.94014755507996,0.0110869228971605,1.24825094916815,5,0.533465386975138
"585","E90M",1.77117124169587,0.363350147640177,2.0025976357131,0.105338860634325,0.00401823975923032,0.849295225088542,5,0.429189277171732
"586","E90F",0.196408273538917,0.0362217756395104,0.0569090244608629,0.0253701124519465,0.00602362958125997,0.0641865631344993,5,0.034064069262322
"587","E90Y",1.90304904265715,0.303483260991966,0.973297012004392,0.0652473186495228,0.0229526082548366,0.653605848511573,5,0.355653330563013
"588","E90W",0.126843081286578,2.1068723072554,0.693280835621692,0.527184139057597,0.00651449183642204,0.692138971011537,5,0.375387944831976
"589","F91_",0.313527146590998,0.313769953515844,0.0797563449653717,0.00500437945067179,0.00340733111697725,0.143093031127972,5,0.0709825703511558
"590","F91R",0.102839146125923,0.0482265433625616,0.00474831067527933,0.0210650740945187,0.0025764136067477,0.0358910975730061,5,0.0186195552358056
"591","F91H",0.0303620719111401,0.218636177952138,0.00887263339168279,0.00163479048388156,0.00132862569669056,0.0521668598871066,5,0.0419522876475898
"592","F91K",0.152337806373364,0.0882652150498091,0.00189930381689091,0.0163694522459424,0.00517512751616077,0.0528093810004334,5,0.0294548383944152
"593","F91D",0.033066441458738,0.00471857198544543,0.00288082773828869,0.00130782267335416,0.00697194588964675,0.0097891219490946,5,0.00589549627998162
"594","F91E",0.0094653368870412,0.0230234466750257,0.0166065771451873,0.00184976039567178,0.00192502444351439,0.0105740291092881,5,0.00414443589811183
"595","F91S",0.115935012475023,0.123630392948207,0.0597541593266063,0.159162526275855,0.149654968598111,0.121627411924761,5,0.0174056649887017
"596","F91T",0.00448944566280888,0.00353595242989568,0.00335928511094508,0.00141968737260403,0.0332331982437391,0.00920751376399855,5,0.00602707353354385
"597","F91N",0.033959773589171,0.158518072328693,0.00506603239322053,0.0111631626065965,0.00627618619164697,0.0429966454218656,5,0.0293490709274306
"598","F91Q",0.0690766972617865,0.0252136141062345,0.00463776559575157,0.0031339397366221,0.00235653095209661,0.0208837095304982,5,0.012774101745809
"599","F91C",0.046356931095604,0.0146424200030212,0.0167219618365901,0.00894340081912787,0.0213223237581744,0.0215974075025035,5,0.00650144363324731
"600","F91G",0.549755145073062,0.0259597222968307,0.00694072930068269,0.00458918279659365,0.000531723764665237,0.117555300646367,5,0.108138314259533
"601","F91P",0.10093808270763,0.00983746085750153,0.0110950862735555,0.00173632504143528,0.0109588241512628,0.0269131558062771,5,0.0185874877140457
"602","F91A",0.0142168526504747,0.00492144120925853,0.0252660778368463,0.00346060097102159,0.0022287747368144,0.0100187494808831,5,0.00435764077353615
"603","F91V",0.162192816988663,0.0853396021488327,0.00705533107489151,0.0956348539865555,0.0171870305293116,0.0734819269456508,5,0.0283571742698658
"604","F91I",0.165321000890402,0.0827921369506395,0.131978088780732,0.0732233974393878,0.143822710343208,0.119427466880874,5,0.0177986318429174
"605","F91L",0.139358609595486,1.39939347735777,0.414219236629164,0.134595108935867,0.0824001630438765,0.433993319112433,5,0.248239312718745
"606","F91M",0.0155593211787392,0.0785754363129346,0.0453329851737713,0.0271524473669517,0.00353471273455042,0.0340309805533894,5,0.0130967221415925
"607","F91F",0.52056553457391,0.0877588836443741,0.0873988539132553,0.0718778115883863,0.122004324384047,0.177921081620794,5,0.086052476911375
"608","F91Y",0.0957826429302135,0.130114840916261,0.0993116968661588,0.0403835996590598,0.0612309384806646,0.0853647437704716,5,0.0156706177310459
"609","F91W",0.239129876893426,0.0157584713631962,0.00498262073373482,0.00366443776910843,0.00197246766125425,0.0531015748841439,5,0.0465696716807744
"610","L92_",0.00633088658642402,0.00522554028489154,0.00242548094359463,0.00200200212213083,0.00200200212213083,0.00359718241183437,5,0.000910680309463992
"611","L92R",0.600771600584299,0.0419576875540308,0.0182324756088601,0.0117229903827839,0.00326767392330579,0.135190485610656,5,0.116572971991472
"612","L92H",0.00403841888303268,0.00333332784792057,0.00154719373176786,0.00127706018162164,0.00127706018162164,0.00229461216519288,5,0.000580915249063524
"613","L92K",0.00609908735305605,0.00503421222752771,0.00233667432613295,0.00192870076839846,0.00192870076839846,0.00346547508870273,5,0.000877336638763947
"614","L92D",0.00851728936510675,0.00703020628909789,0.00326313270094711,0.00269340338844668,0.00269340338844668,0.00483948702640902,5,0.00122518822741872
"615","L92E",0.00793526189460295,0.0065497983790031,0.00304014710183959,0.00250935014168883,0.00250935014168883,0.00450878153176466,5,0.00114146520541868
"616","L92S",0.0631770835736641,0.00623371544241776,0.0509929649378079,0.000923255074981217,0.000612232720944738,0.0243878503499631,5,0.0135238244879479
"617","L92T",0.00297416537654546,0.00245488854947986,0.00113945832790296,0.00124229250556008,0.000940513672789597,0.00175026368645559,5,0.000405045956397905
"618","L92N",0.00684147392401388,0.00564698121028306,0.00262109649292711,0.00216346401525336,0.00216346401525336,0.00388729593154615,5,0.000984126868371213
"619","L92Q",0.0426503613628662,0.0512564743095052,0.0521962406130032,0.0441770462325761,0.0854640438476123,0.0551488332731126,5,0.00780855993397139
"620","L92C",0.234887124096485,0.0187397094626699,0.00134875589658694,0.00111326876194778,0.00111326876194778,0.0514404253959275,5,0.0459874161209532
"621","L92G",0.00172779450480896,0.0014261288155524,0.000661950358556142,0.000546376596391906,0.000546376596391906,0.000981725374340262,5,0.000248538401825703
"622","L92P",0.179055478257125,0.312299345294265,0.111472838062086,0.283037862562131,0.239077379056064,0.224988580646334,5,0.0361849807962689
"623","L92A",0.00396246453742977,0.00327063481317064,0.0015180942027638,0.00125304130859236,0.00125304130859236,0.00225145523410979,5,0.000569989429114842
"624","L92V",0.227061051155312,0.0294182639953792,0.0325569143702282,0.00908351942894832,0.0135185704249612,0.0623276638749657,5,0.0414268521206744
"625","L92I",0.00970907541586128,0.00642392213051495,0.327630688885256,0.0031206771100294,0.00105611900123289,0.0695880965085788,5,0.0645274125294554
"626","L92L",0.195342275796607,0.221303779073082,0.177089249884365,0.0994652961872738,0.234011745102976,0.185442469208861,5,0.0236694579895677
"627","L92M",1.17767308241012,0.473308118690189,0.108846359548888,1.00599172057714,0.0772005677395415,0.568603969793175,5,0.226297248264833
"628","L92F",0.553770330801875,0.0297255793122928,0.00465225616897677,0.00291829293507399,0.00291829293507399,0.118796950430659,5,0.10886236460286
"629","L92Y",0.00476032415291472,0.00392919147904824,0.00182376912942768,0.00150534667239222,0.00150534667239222,0.00270479562123502,5,0.000684759300857098
"630","L92W",0.00835869783512719,0.00689930417650471,0.00320237332253622,0.00264325234321205,0.00264325234321205,0.00474937600411844,5,0.00120237527987518
"631","R93_",0.361675890173334,0.0320793090682927,0.0148898962761401,0.0214652255194424,0.0122901827045327,0.0884801007483483,5,0.0683843563870454
"632","R93R",0.128382522913454,0.106296354244637,0.368519674146827,0.0594573853621963,0.087135906872585,0.14995836870794,5,0.0558023398082431
"633","R93H",0.040441839379064,0.0333808634834164,0.0154940243200978,0.0127888325204532,0.0127888325204532,0.0229788784446969,5,0.00581744536065401
"634","R93K",0.086584502791914,0.108243824937188,0.152641537420749,0.093268378759477,0.211849577987168,0.130517564379299,5,0.0233646119368217
"635","R93D",0.0214780544503896,0.017728076034766,0.00822864397644081,0.00679195717723471,0.00679195717723471,0.0122037377632132,5,0.00308955799579621
"636","R93E",0.011365118144247,0.00938081608232697,0.00435418911779041,0.0361442045208944,0.00359396592127266,0.0129676587573063,5,0.00597764095165652
"637","R93S",0.0413260823044901,0.0463664734366637,0.0762085449626077,0.0573761361639804,0.112205205122776,0.0666964883981037,5,0.0128556573100488
"638","R93T",0.0344190915364517,0.0396782237757594,0.162049440065651,0.0259511171310664,0.0477697308431343,0.0619735206704125,5,0.0252694258675681
"639","R93N",0.0682958603679813,0.0563716889842119,0.026165420212101,0.0215970473523646,0.0215970473523646,0.0388054128538047,5,0.00982416829080393
"640","R93Q",0.0093955313811326,0.00775511092480385,0.0243075196806498,0.00431506900855677,0.00297112789919666,0.00974887177886793,5,0.0038178409157074
"641","R93C",0.0111047868722443,0.0208491546006631,0.0328538603375508,0.00879619164748846,0.00351164194470291,0.0154231270805299,5,0.00518517140534372
"642","R93G",0.124993814538708,0.205208044413954,0.0783120188728412,0.0403409976539141,0.0498436429279046,0.0997397036814643,5,0.0301979385428727
"643","R93P",0.00854347419625644,0.0370046142970703,0.00383053278587024,0.00270168375910467,0.00270168375910467,0.0109563977594813,5,0.00660072095679424
"644","R93A",0.00861873197385812,0.00634902461456788,0.085054695655123,0.00357890470863198,0.00272548235799104,0.0212653678620344,5,0.0159813193586108
"645","R93V",0.0276188798308092,0.0436414650364741,0.0119172945475128,0.0209325260459165,0.00165472890180944,0.0211529788725044,5,0.00711712056055333
"646","R93I",0.0295217663728098,0.0243673895206219,0.0113103403103211,0.0179084534203642,0.00538307224824638,0.0176982043744727,5,0.00434042705325136
"647","R93L",0.00675227951743782,0.0039084993820419,0.0029968538447896,0.00278675646310787,0.00149741914339817,0.00358836167015507,5,0.000879697600444629
"648","R93M",0.1054878019609,0.108750069279416,0.157393365573502,0.115080991188743,0.267466561872939,0.1508357579751,5,0.0306200851491904
"649","R93F",0.0392428951678396,0.0323912499135689,0.00690144656507285,0.0411563187499153,0.00403926898700652,0.0247462358766806,5,0.00801593779130154
"650","R93Y",0.0935992429073341,0.0772572068336314,0.0358596188555096,0.0295986794854536,0.0295986794854536,0.0531826855134765,5,0.0134639890215745
"651","R93W",0.352761653134272,0.319140590888483,0.0861164175309792,0.0470537068955847,0.0945598934298424,0.179926452375832,5,0.0644187556144793
"652","E94_",0.137385383928737,0.16753576592097,0.291695972156941,0.161874626790449,0.325327990111057,0.216763947781631,5,0.0381694690894534
"653","E94R",0.2191410843367,0.00282779633755231,0.00648763046517311,0.003770954564959,0.00102436796223553,0.0466503667333239,5,0.0431317090269611
"654","E94H",NA,NA,NA,NA,NA,NA,0,NA
"655","E94K",0.773118844852288,0.366419579651957,1.85156353382981,1.16774005765471,0.824578211563455,0.996684045510443,5,0.248687978477818
"656","E94D",0.372591370716636,0.265391120012497,0.129151384496808,0.0737813151532572,0.1136926238517,0.19092156284618,5,0.0557006892315173
"657","E94E",0.988467318816058,0.0731268339650699,0.133398317357317,0.0815057606767711,0.144517252873418,0.284203096737727,5,0.17661847436097
"658","E94S",0.0350110295141657,0.0316246491467034,0.0129766361299433,0.00394367197511974,0.00394367197511974,0.0174999317482104,5,0.00668636952268344
"659","E94T",0.0309319336887245,0.025531347525106,0.00941127396729267,0.0097815362889663,0.0097815362889663,0.0170875255518111,5,0.0046295008520604
"660","E94N",0.037937808155962,0.0313140256318261,0.0145346831708149,0.0119969883207352,0.0119969883207352,0.0215560987200147,5,0.00545724748030465
"661","E94Q",0.782220561635233,0.185670398811931,0.0531659645249019,0.0449219903934365,0.0632467749826788,0.225845138069636,5,0.141449130722309
"662","E94C",0.0460063500680736,0.0379738338950936,0.0330813915119976,0.0145484853046155,0.0145484853046155,0.0292317092168792,5,0.00633966679828166
"663","E94G",0.384547123171745,0.0348088759831053,0.104737501164626,0.116039064263585,0.050457663015111,0.138118045519634,5,0.0635162025149402
"664","E94P",0.03822884109753,0.0324951254852591,0.00657016966262218,0.0389715100877842,0.00410597179407567,0.0240743236254542,5,0.00774053265007992
"665","E94A",0.0876886988701572,0.01122284836846,0.0448866861247744,0.00861620367584617,0.00552638337235381,0.0315881640823183,5,0.0157254477755184
"666","E94V",0.682527894777041,0.232577429664863,0.148741350258391,0.0729685694467126,0.0841303346162239,0.244189115752647,5,0.11320805653407
"667","E94I",0.0273792546891363,0.0225989514099321,0.0104895040515699,0.00865808054555159,0.00865808054555159,0.0155567742483483,5,0.00393842912723537
"668","E94L",0.0448888000259946,0.0195404151091222,0.232939630204561,0.00539160324640789,0.00388941371670393,0.0613299724605579,5,0.0435287679729225
"669","E94M",0.0603013441034404,0.00749463588859664,0.040567075452411,0.00270639360579892,0.00270639360579892,0.0227551685312092,5,0.0117553603450216
"670","E94F",0.0190610280860377,0.0157330523577268,0.00730263601422698,0.00602762632963191,0.00602762632963191,0.0108303938234511,5,0.00274187552077119
"671","E94Y",0.02972821480668,0.0245377929219803,0.0113894345628167,0.00940088695598509,0.00940088695598509,0.0168914432406894,5,0.00427632046323727
"672","E94W",0.0816445431835094,0.0110613081723172,0.0511236029107575,0.00423779384086821,0.00423779384086821,0.0304610083896641,5,0.0154892856152296
"673","D95_",0.59722380176347,0.104446701074838,0.294521956423089,0.215167507351368,0.017386143983762,0.245749222119305,5,0.0997407887814007
"674","D95R",0.196700992854867,0.262481284168184,0.780507365747294,1.31170760388249,0.00210902695615778,0.510701254721799,5,0.238042210681236
"675","D95H",0.176941674172072,0.188843717231094,1.40047838621005,0.148638887196161,0.249049617469642,0.432790456455804,5,0.242475911235586
"676","D95K",1.97401012373752,0.770720750803208,0.120128300878541,0.166042081171801,0.0102298340455834,0.608226218127331,5,0.366274228764865
"677","D95D",0.834999831252919,0.425467578156825,0.217754293200964,0.160246558114013,0.137559669209465,0.355205585986837,5,0.130271042611478
"678","D95E",0.496839321285316,0.197412673455232,1.04804433650447,0.172467063061418,0.259709142069106,0.434894507275108,5,0.163668196379152
"679","D95S",0.35323422256781,0.0518666886891337,0.137820454779825,0.412937731503572,0.0410485715492348,0.199381533817915,5,0.0774262947363508
"680","D95T",0.0219979638160622,0.0855857291436962,0.0249702057727655,0.00652544643677986,0.00215975503784162,0.0282478200414291,5,0.0149831370697246
"681","D95N",0.439788428315297,0.149693070263715,0.201668228802677,0.318194095312405,0.259036369750264,0.273676038488872,5,0.0501729032465181
"682","D95Q",1.12954609320314,0.129961788995484,0.154699878528031,0.820407631202953,0.054288950061409,0.457780868398203,5,0.217358672447606
"683","D95C",0.320111599205493,0.0404121747349499,0.0796343244996391,0.0205741038352461,0.00202521768756711,0.092551483992579,5,0.058328687093223
"684","D95G",0.720802219377612,0.205511956593303,0.478911168727025,0.0580773599443547,0.0241090325436727,0.297482347437193,5,0.132782227970946
"685","D95P",0.0281767205660239,0.139234618873593,0.0177189922107396,0.0951441740793676,0.00768217601956521,0.0575913363498578,5,0.0255164544328978
"686","D95A",1.16077961460405,0.450844978599418,6.29293272156314,0.693099073254516,0.515108729450933,1.82255302349441,5,1.1244753989703
"687","D95V",0.479233301133373,0.649520059168819,0.298540768081913,0.514304629257606,0.0690462978312916,0.402129011094601,5,0.100350732305549
"688","D95I",4.22871904277499,0.413205507906825,0.177083425087426,0.095223116405566,0.0713690408360688,0.997120026602174,5,0.810156815640196
"689","D95L",0.0838693431299681,0.123609241206157,0.0900009715442916,0.108687132103521,0.0122024952348401,0.0836738366437554,5,0.0191946932626516
"690","D95M",0.28345358030188,0.106068229558009,0.137328117640132,0.0463539232989693,0.0033903304688055,0.115318836253559,5,0.0480226113271786
"691","D95F",1.82682144891408,0.0580023521482265,0.635562924663807,0.0532544829248579,0.0343707220068692,0.521602386131568,5,0.345561373034271
"692","D95Y",0.471736545559535,0.434755125961567,0.432256604018009,0.351498401748683,0.192289838141182,0.376507303085795,5,0.0500654179963722
"693","D95W",1.13590191049117,0.0898488960269281,0.300742272382435,0.00453900122092603,0.00116488673777327,0.306439393371847,5,0.214393136459073
"694","L96_",0.0921243985302393,0.0679473734207362,0.16239210259722,0.014180932510631,0.0127268327724287,0.0698743279662511,5,0.02777220545878
"695","L96R",0.583843600627652,0.131904087885464,0.166425164527442,0.11413372326472,0.0502481182317207,0.2093109389074,5,0.0955158123619734
"696","L96H",0.287167417257043,0.11597243689502,0.145400579808892,0.0811110551509161,0.977349294635152,0.321400156749405,5,0.167683690837992
"697","L96K",0.0262414519014694,0.193325624215432,0.00730367279238567,0.00544760007354379,0.0055763336481974,0.0475789365262056,5,0.0366461118340919
"698","L96D",0.566351708971944,0.0211730434685363,0.029081381613841,0.0352062672993026,0.00517285475270096,0.131397051221265,5,0.108855086495064
"699","L96E",1.3580233510651,0.0281942658188561,0.0503214639743638,0.0200264207444243,0.0214007084567506,0.295593242011898,5,0.265663020820966
"700","L96S",0.333453633978533,0.301710429402037,0.313503381663775,0.0669859498178768,0.00398894619044425,0.203928468210533,5,0.0696684318645521
"701","L96T",0.095111903682566,0.0233844595295648,0.00677005099736887,0.00718710557603865,0.00287936933826956,0.0270665778247616,5,0.0173722304825064
"702","L96N",0.0304891333893239,0.0887032053795852,0.0458112781704452,0.021521396789901,0.00874843750471407,0.0390546902467939,5,0.0138019575319082
"703","L96Q",0.21748085095699,0.0255520001785943,0.0392411887244366,0.0117984456132488,0.0122444420472665,0.0612633855041073,5,0.0393788101657628
"704","L96C",0.273427482717042,0.263473891807545,1.05392804119635,0.0651534601137005,0.143376018099632,0.359871778786853,5,0.177793217823963
"705","L96G",0.0733277486231436,0.0576119036428537,0.027080575092216,0.0557627154283283,0.0145817942425822,0.0456729474058248,5,0.0107737324971783
"706","L96P",0.611390126528444,0.478467283204443,0.638155102653585,0.228833869866518,0.14825958380258,0.421021193211114,5,0.0995043671099829
"707","L96A",0.169293749794802,0.0163245623429366,0.335213349708064,0.00152172192791337,0.00114473576106246,0.104699623906956,5,0.0657603317753465
"708","L96V",0.136976990442804,0.0749328027332961,0.0944110541951972,0.300908920738139,0.0438597645162231,0.130217906525132,5,0.0452644505184553
"709","L96I",0.300402740045593,1.15535196917805,0.555717012631162,0.0765102607088335,0.137632166932406,0.445122829899209,5,0.195962514517324
"710","L96L",1.14299258230952,0.367066025687239,0.60859167872268,0.584253311026691,0.362098264667371,0.6130003724827,5,0.142332909623886
"711","L96M",0.811573226856015,0.0992417878529565,0.032081541025209,0.0571749868059413,0.00426134030329572,0.200866576568684,5,0.153473041689023
"712","L96F",0.820503144685397,0.579498324001899,0.0778835647498251,0.755188311803529,0.127389757373231,0.472092620522776,5,0.156091302196141
"713","L96Y",0.0142290125261304,0.0148275705459263,0.00634906438821096,0.407293627356245,0.00591051779082421,0.0897219585214674,5,0.079415211441289
"714","L96W",0.154477787746271,0.00523427193382158,0.00949668231972815,0.0138147534779024,0.00205388328580595,0.0370154757527057,5,0.0294323887146049
"715","N97_",0.879715406783311,3.9818999823144,3.74298595650807,0.586268248486026,0.855215266472367,2.00921697211284,5,0.75926642039415
"716","N97R",3.25278144379769,0.876128170276639,3.60731583222025,0.394366129966459,0.105502233849636,1.64721876202213,5,0.740301368406039
"717","N97H",0.427543183060024,0.0870089234554072,0.435094441419599,0.198086140474061,0.0913033613571166,0.247807209953242,5,0.0775252395724022
"718","N97K",4.15943692648672,2.39090379414961,2.22863126641232,0.413086945224015,0.31190908059191,1.90079360257292,5,0.713686917383613
"719","N97D",0.645025353388591,0.368944637099888,1.83463297301916,2.21174074894917,0.158407442046811,1.04375023090072,5,0.411574618579635
"720","N97E",0.161353782877378,0.232639953015678,0.284535223269053,1.61678223170153,0.113752636646061,0.481812765501941,5,0.285247561458054
"721","N97S",3.29527471673595,5.23486732473103,0.750353710824268,0.314696093904566,0.10010985145064,1.93906033952929,5,1.00336889202931
"722","N97T",4.40593239613938,1.45295446922643,2.36675274367339,0.528252319081798,0.0841928524216703,1.76761695610853,5,0.767744291743132
"723","N97N",NA,NA,NA,NA,NA,NA,0,NA
"724","N97Q",1.76542530820884,0.221617173771845,0.301111399845805,4.63424259919446,0.183056132615407,1.42109052272727,5,0.856409114052459
"725","N97C",0.788420052002359,1.84339909826601,1.81723863564109,1.18676391551102,0.22974198805964,1.17311273789602,5,0.30840761711744
"726","N97G",3.0030846448169,1.79184356663105,2.28196845597859,0.91967412539655,0.254370460781876,1.65018825072099,5,0.486389725397632
"727","N97P",0.0334173940433275,0.0442286355225987,0.0540846414918838,0.0110309005829985,0.0260555114637159,0.0337634166209049,5,0.00741205708918701
"728","N97A",0.0941470619927532,1.86690006418003,0.407171408852252,0.219465284566947,0.069405818049165,0.53141792752823,5,0.339184697865421
"729","N97V",2.76406774875951,0.458078912891489,0.728902710089066,0.199853310963937,0.00648965353976773,0.831478467248755,5,0.498217182810777
"730","N97I",6.3742504560107,1.75620084791646,0.652703229598734,0.401861335522219,0.514528376098835,1.93990884902939,5,1.13470992042437
"731","N97L",1.50337118154559,0.954317811561211,0.968541842312602,0.108061071055813,0.0702069155065987,0.720899764396364,5,0.276319068271091
"732","N97M",1.16330385656517,1.35243458748422,0.181120667508828,0.0170144158168667,0.0527669135502538,0.553328088185068,5,0.290462892979495
"733","N97F",3.4396459969092,1.48071973781548,0.969149172350104,0.833796275116054,1.30519244594051,1.60570072562627,5,0.472774528302374
"734","N97Y",4.16340801505315,3.55560993495502,2.18830586474845,1.44034152390441,1.079626363755,2.48545834048321,5,0.596559797776492
"735","N97W",4.453236226355,5.80519896885534,1.09931702501623,0.627652161580628,0.0409304388465751,2.40526696413075,5,1.1447537414282
"736","Y98_",5.72015059521662,6.71201675733607,3.62510985786142,2.71301751632867,0.631103601838607,3.88027966571628,5,1.08140227583414
"737","Y98R",2.14631111354114,0.0963813002849706,0.683389700748769,0.826192283465943,0.0081881418691891,0.752092507982002,5,0.383236693595288
"738","Y98H",0.746282217211152,0.606361534179956,1.16958687580286,2.48612956219467,0.385751854788819,1.07882240883549,5,0.374359497166305
"739","Y98K",0.0643495228645941,0.220624164993638,0.634226832745215,3.71039958080514,0.067342030044545,0.939388426290627,5,0.700514328177934
"740","Y98D",4.59476628416299,0.618239102419972,0.330862172716403,0.311627690292273,0.872439983753128,1.34558704666895,5,0.818804232187655
"741","Y98E",2.83002671115565,0.86679153679635,0.241413205833181,0.606402391807192,0.0162653154415777,0.91217983220679,5,0.501312640969623
"742","Y98S",3.9280609260871,1.12851137273629,0.559075140341816,1.15462487283831,0.873669853663404,1.52878843313338,5,0.609354281750797
"743","Y98T",1.91558010959915,0.436269639356603,0.978556167668442,1.81889411054264,2.95700577526739,1.62126116048684,5,0.431692640405985
"744","Y98N",2.01046944978506,1.92620257088808,3.53400437842414,3.24775368372828,1.3350369337383,2.41069340331277,5,0.419192371118159
"745","Y98Q",0.279918232035627,0.252657867154208,0.145267917354494,0.0466691661443569,0.0928303878422286,0.163468714106183,5,0.0449879827238786
"746","Y98C",5.35994250748883,0.709107977529183,3.68732795827279,0.441835001196723,0.595971036894113,2.15883689627633,5,1.00189124162058
"747","Y98G",1.17152813613465,0.238200759289008,1.00049555247062,0.0506773554243057,0.263015071965584,0.544783375056833,5,0.225611349419391
"748","Y98P",2.5222480435831,0.480906842560383,1.950387561271,0.651869100292355,0.0194407007243183,1.12497044968623,5,0.474053632259327
"749","Y98A",1.360058006623,1.59967073180424,0.466064117602014,0.291130848414462,0.0528811115266775,0.753960963194079,5,0.305874803313275
"750","Y98V",2.36848627516711,0.188892784427172,0.674151486636566,3.4459681608213,0.0517094105282842,1.34584162351609,5,0.667862635471814
"751","Y98I",2.10199338885629,0.14252335224529,0.268991138487365,0.239848130394584,0.0173268181605563,0.554136565628817,5,0.38945705942776
"752","Y98L",0.816536007014153,0.775578445231605,2.67114787403325,1.53479998256112,0.0789467864433584,1.1754018190567,5,0.439162859356368
"753","Y98M",0.107194075083395,0.0458936422155041,1.3776852892454,0.194496191675623,0.0898910157897906,0.363032042801943,5,0.254809869817013
"754","Y98F",1.45504977211531,1.78733836484114,4.5914487820389,1.21289617873545,0.459430384878786,1.90123269652192,5,0.707174475471692
"755","Y98Y",9.72156465284697,2.10544050217533,1.95108885458019,5.42322018641171,0.60395166306302,3.96105317181544,5,1.64430548223293
"756","Y98W",1.26517815167535,0.759049663383374,2.62236466717138,0.518877282195203,0.179992457760782,1.06909244443722,5,0.42664190134428
"757","Z0Z",0.680008244867322,0.774847975210003,0.917513779098476,0.736020561510921,1.40212349664305,0.902102811465954,5,0.131026960420676
