"","variant","sr1","sr2","sr3","sr4","sr5","sr6","mean","count","sko_se"
"1","L63_",0.171740249798612,0.201487401118448,9.00625537182344,8.88422993434297,4.71013790387315,2.85175213165887,4.59477017219132,5,1.95880197610927
"2","L63R",2.41210331351147,2.8793538720422,3.55430294610108,4.29798144345075,4.44810465126776,4.04866991092325,3.51836924527465,5,0.394059595401792
"3","L63H",2.58214071190124,1.80014479192782,0.98619233456439,1.2550239408033,1.9481867240306,2.8333106161899,1.71433770064547,5,0.278952961368293
"4","L63K",0.175113098375182,0.560378086472358,4.12585692039027,2.12235610882961,1.38101745330081,1.10038928928893,1.67294433347365,5,0.699473890472445
"5","L63D",1.07482198015819,1.04429521698978,0.458858229710438,1.21450811573536,2.25213960522949,0.399970235635323,1.20892462956465,5,0.291205651475211
"6","L63E",5.61240883553671,1.3782138724495,2.31664249981748,3.05661940675221,3.38569227131104,4.43264676045306,3.14991537717339,5,0.705742120904161
"7","L63S",2.64190069540722,2.71606416900122,1.2849041369019,1.52070189119305,1.60802804532681,2.05929150722431,1.95431978756604,5,0.300755862089825
"8","L63T",0.203788082719433,0.52084001409011,0.226147526201972,2.15857106021789,1.93487877664478,1.88290231650347,1.00884509197484,5,0.428852504414695
"9","L63N",7.14718087456979,5.86749128523823,3.4224500778513,1.19241695456587,2.69127439688805,2.27885446868798,4.06416271782265,5,1.07936407341848
"10","L63Q",0.30403349002861,0.347829483567834,0.124262090806603,0.304217827452515,1.8147231433466,1.80723461364957,0.579013207040432,5,0.311315746775771
"11","L63C",4.04450263464032,2.63664260430869,4.12824964319111,2.66956341628402,3.06309142918431,1.90591225745205,3.30840994552169,5,0.326614987404585
"12","L63G",3.33387177822171,4.54672970578112,7.34097347675097,5.68623097361538,3.35665626310567,3.80272420926897,4.85289243949497,5,0.759107451051203
"13","L63P",1.65727172166858,1.68013489151575,4.46216181770191,4.38445854078848,2.00786916869379,1.60760679330517,2.8383792280737,5,0.650127794482385
"14","L63A",5.25124356968585,3.82067545601001,2.82419300454255,1.87487538528502,2.29314603388282,4.12730426710206,3.21282668988125,5,0.604631534168743
"15","L63V",3.25691783277314,3.60026370481677,5.44739360219527,4.52200293289548,2.90934630076093,3.49576521147052,3.94718487468832,5,0.461246887193838
"16","L63I",3.61779352846354,5.13436614072523,3.33567683391098,4.35268676562737,2.5124813024734,2.5899991384349,3.79060091424011,5,0.446769154131374
"17","L63L",2.49147332057336,3.60073119465526,2.88910044615274,2.71488478305911,3.15145795206216,2.51131375186575,2.96952953930053,5,0.191228138131143
"18","L63M",0.165152110067054,0.354772226657522,8.45838645438278,4.06805702751706,1.70472620394389,2.03134480317845,2.95021880451366,5,1.54327030038433
"19","L63F",0.303409391411059,2.2609493181013,10.1437630141762,4.9867271242703,3.64663277133202,2.65631265380908,4.26829632385817,5,1.66092576000807
"20","L63Y",2.35438516897668,4.13115652287907,0.675603860321638,1.10982120079573,2.29275416945291,4.44825860109594,2.1127441844852,5,0.601498509990019
"21","L63W",0.057684903718417,0.63603804616245,7.36262783989854,3.87376776738218,3.33627200316699,5.52977419640711,3.05327811206571,5,1.30652998625671
"22","S64_",0.140796176087693,0.232579227419972,1.11840764156756,1.71278853697082,0.589245484881869,1.60686448463119,0.758763413385585,5,0.293853495752094
"23","S64R",1.39058393678768,2.03794967306517,2.20775614103068,0.598720211934663,1.16378452746365,1.55229302176895,1.47975889805637,5,0.293732707585904
"24","S64H",0.148475093702454,0.10115490379212,1.03741415869717,0.126588979816644,2.90191516284251,2.3532618657871,0.86310965977018,5,0.53948356151415
"25","S64K",0.0709906415229176,0.95101610621361,0.132559207106275,0.0605261977805151,0.177564166255235,0.519032695746506,0.27853126377571,5,0.169460523146747
"26","S64D",0.143560792397138,0.155347068762932,0.175491566668796,7.22145951466274,0.123728575739863,0.23018679921841,1.56391750364629,5,1.41441041063353
"27","S64E",0.62065051118965,0.50145490939682,0.629245023093979,1.5997193740213,2.71325963868682,3.85100835485319,1.21286589127772,5,0.424162408383175
"28","S64S",2.91453413037734,0.440810913797815,1.89916120221022,1.53844609467489,1.21254407065657,2.12290160509605,1.60109928234337,5,0.407131531617291
"29","S64T",0.740879705366654,1.20364557012938,1.12671454374151,3.68450142885817,2.80663014667029,2.56918902950323,1.9124742789532,5,0.567101634654825
"30","S64N",0.415560403511035,0.951761478697472,0.401236748808345,0.357116231405177,3.44248329476555,2.88407942988776,1.11363163143752,5,0.59232075240848
"31","S64Q",0.101502395468846,0.0691527770233093,0.0865403373113641,0.0865403373113641,0.865877625181707,0.286410475988515,0.241922694459318,5,0.156072805789143
"32","S64C",3.62915295190043,0.757513526744244,0.340338290931775,1.66077321254031,1.47509315506676,3.5395575692595,1.5725742274367,5,0.566988845542308
"33","S64G",3.26447903361279,3.48280942361519,2.44800235898792,2.73061992828525,2.42308210326329,3.21256840328754,2.86979856955289,5,0.215452235378874
"34","S64P",0.1678781118809,0.408413793785729,0.143131877452362,0.139373428792427,0.991450881610427,0.531961010991182,0.370049618704369,5,0.163277038117641
"35","S64A",2.66049637591282,0.426321404017294,0.0495917622958564,1.73283323314984,1.98878069550926,3.59364406370697,1.37160469417701,5,0.490607415962745
"36","S64V",0.723908493117427,0.509861986497502,0.0318838552524577,1.86949022208355,2.55814826779552,0.412875938738896,1.13865856494929,5,0.465908732733022
"37","S64I",0.606804362176462,1.49112675729427,0.275561071936003,0.258526756770478,1.71334718992585,4.69489378510702,0.869073227620613,5,0.307697720742318
"38","S64L",4.03774959635622,3.53353374224352,0.28335860876728,0.308465552356434,1.65488837108902,1.87804421735283,1.9635991741625,5,0.788186924070329
"39","S64M",0.0660225864740716,0.182712445128047,0.0562904636609147,0.0562904636609147,0.952989432164146,1.65816241462237,0.262861078217619,5,0.174182257669318
"40","S64F",0.47178102618931,0.117469071691025,1.05607046742148,0.829632738275683,0.909834224319854,0.711329849525069,0.67695750557947,5,0.169763456903516
"41","S64Y",0.0860545966100028,0.129375209561369,0.0922312662334781,0.334810917651917,0.0741665777726393,0.431107177514317,0.143327713565881,5,0.0487518252863912
"42","S64W",8.05790021854848,3.43797030211731,2.76700191469433,0.42086343554201,1.80985706707416,2.21279367801178,3.29871858759526,5,1.29326490635385
"43","F65_",0.354608491876431,0.189267171104903,0.172097785657764,0.141994005845402,0.287872905927605,1.10879561208013,0.229168072082421,5,0.0397680611487375
"44","F65R",0.641320709007548,0.173912509846834,0.763850114750285,3.73869996472119,1.83962521251304,0.408814702265886,1.43148170216778,5,0.638020526362641
"45","F65H",0.117565505934827,0.360190491348146,6.05952230878924,3.65208133226666,0.723645153068894,0.779206944057831,2.18260095828155,5,1.15982746774145
"46","F65K",0.622241909609379,1.51361312167923,1.96458896411487,1.5670904121078,0.226120239465931,0.516749491540722,1.17873092939544,5,0.323858701980116
"47","F65D",0.29920931039887,1.04397713765762,0.0456636732473758,0.291573928359869,1.40892563574217,1.12647249435798,0.617869937081181,5,0.259110994888559
"48","F65E",0.290351447442599,0.181842718966655,0.156418144241452,0.595782338124193,1.69886773113313,1.59830383467303,0.584652475981605,5,0.289296815335926
"49","F65S",0.357756266618068,0.662362012688643,0.405145290888971,1.14509724911299,1.16357180615364,1.57745206008087,0.746786525092463,5,0.174291734828472
"50","F65T",1.00491629598287,0.371988116834255,0.0895033413087462,0.996442112995211,0.152765604625199,0.346852004172528,0.523123094349256,5,0.200522832166616
"51","F65N",2.26921731404849,0.885291948202938,0.635361317028499,2.85053801614859,0.978524439825873,1.39667527248144,1.52378660705088,5,0.436475772340993
"52","F65Q",0.339343192171837,0.182290994216225,0.0776919906891821,1.49060235220048,0.173784939201698,0.780095961355263,0.452742693695884,5,0.262834234648654
"53","F65C",0.542265095636548,0.224144925746149,0.477330211012942,0.50598955692522,0.715904704860468,1.16201014847931,0.493126898836265,5,0.0789970880502862
"54","F65G",0.553559613558471,0.824488229043936,0.670750680087858,0.662681851231908,0.954865495480885,1.11216416835655,0.733269173880612,5,0.0702184107010637
"55","F65P",0.0954152612927718,0.119372367023282,8.74033772810482,0.757904723661929,1.70539604746034,0.507541759257209,2.28368522550863,5,1.640481051982
"56","F65A",0.104967325838585,0.28704651682707,1.94733480108361,1.22940774228218,0.190786154801361,0.157436182325151,0.751908508166561,5,0.361008130116798
"57","F65V",0.491998619033518,0.250096281040281,3.70086366610637,1.26055576725176,0.396141966959406,0.794121458440032,1.21993126007827,5,0.64442883896458
"58","F65I",1.35336043661436,2.18755449293798,0.188813418257835,0.498456745565984,0.718294168756999,0.856276945135774,0.989295852426631,5,0.355211476433984
"59","F65L",0.980721902025857,1.05777938011512,1.26633672963059,1.55785337414412,1.44782587365776,2.1183984064168,1.26210345191469,5,0.110204958602515
"60","F65M",0.0830649495423831,0.0808321484990078,0.522162205047708,0.662182131121204,0.233446033471809,1.2582130194307,0.316337493536422,5,0.118051295352728
"61","F65F",0.267178807762403,0.404494535157311,0.269903549596408,0.217377208041183,0.374048094490738,0.431584521773884,0.306600439009609,5,0.0353510621747897
"62","F65Y",1.56747864257598,0.570362112989612,0.186425369139478,0.576659122727709,0.966859216695498,0.716168821889368,0.773556892825655,5,0.23371540489111
"63","F65W",0.0623535294608817,0.494711069487973,0.0976712109717631,0.468970405070559,0.23350647356135,0.127461824784276,0.271442537710505,5,0.0906145484997745
"64","E66_",1.68513908937264,0.844649303112062,0.573993920431104,0.750333892345251,0.877950346951155,1.53879252893592,0.946413310442442,5,0.192080999486118
"65","E66R",0.429152234226089,0.779935656218734,0.521829051312401,0.872559319788048,0.802227311539368,1.04443966467086,0.681140714616928,5,0.0865857630215725
"66","E66H",0.32933304954531,0.305610230489545,0.371999974744616,0.0810223329066459,0.161264499611248,0.359671358148829,0.249846017459473,5,0.0550897208085985
"67","E66K",2.4382184980743,1.48888868937557,1.90552936544693,2.03330045358047,1.86222808036308,1.13873899267645,1.94563301736807,5,0.152889846416003
"68","E66D",0.497532269865499,0.60992115764479,0.73910843050294,1.87345513481967,1.39011379972671,1.11800945102053,1.02202615851192,5,0.263190674711362
"69","E66E",NA,NA,NA,NA,NA,NA,NA,0,NA
"70","E66S",0.806566503756613,0.985846426903592,1.24048456207688,1.08402969919893,0.594627603160434,0.953243182020825,0.94231095901929,5,0.111847509788594
"71","E66T",1.38821293669356,1.49945181688206,0.11763077316199,1.64883587825842,1.3820689035373,1.11036518294641,1.20724006170666,5,0.276673027431153
"72","E66N",0.0524995874756256,0.263435089730259,0.851260251939426,0.499841607775196,0.818147749596383,1.17419660856571,0.497036857303378,5,0.155044744374181
"73","E66Q",0.355081154422534,1.11317356617461,3.28720524383675,2.70189582903013,1.13921271316112,0.704065951515988,1.71931370132503,5,0.54721133891314
"74","E66C",0.0397445838933405,0.518652307116619,0.541695888091616,2.32402094331253,1.2888206284461,0.967140780508778,0.942586870172041,5,0.398985977257437
"75","E66G",0.756080874322926,0.983538784077775,1.24039850292917,1.34407770085759,1.20518157325789,1.1025979910141,1.10585548708907,5,0.105361514133245
"76","E66P",1.20244225600807,1.9333409367234,2.03769951339237,1.21415399371504,1.72034309177954,1.14667407431087,1.62159595832368,5,0.176320287708622
"77","E66A",1.42161564230124,1.39422850620316,1.82526847186588,1.71681636705651,1.08845156451377,1.1586691023868,1.48927611038811,5,0.130180209316649
"78","E66V",1.71404355747103,1.03663077260969,1.7429343486725,1.41528753987017,1.10004824382768,1.15151752886068,1.40178889249021,5,0.148063041155982
"79","E66I",0.11465846477713,0.112296346582172,0.0519874562003582,0.478463655134487,0.375137254090347,0.635725218898263,0.226508635356899,5,0.0841380852639908
"80","E66L",1.7350735405777,2.17458854812227,0.429308134099822,0.447730448405714,1.38116498313893,1.17835371233041,1.23357313086889,5,0.348079512318093
"81","E66M",1.52951374078364,1.6207113255487,0.840865307025648,1.16145628381109,1.64839889962719,1.29143239945111,1.36018911135925,5,0.15633289589241
"82","E66F",0.727567062952781,0.619922355939055,0.382733819665118,0.370208646645787,1.70253768654162,1.73927959024743,0.760593914348872,5,0.245287202950471
"83","E66Y",0.0800305013453723,0.336945787511596,0.235162202345537,0.266869374051032,0.628823530073573,0.917835827625904,0.309566279065422,5,0.0901999155731117
"84","E66W",0.747014041921414,0.608261470310102,0.950689475077788,0.982974427533278,0.816285232260511,0.886399422276092,0.821044929420618,5,0.0684868228455973
"85","A67_",0.927549959945171,0.852804682789317,0.416578781912944,0.228019652557787,0.722502061031792,0.995962037544901,0.629491027647402,5,0.133016927010549
"86","A67R",0.999731874824011,0.992822232028598,1.26351264750472,1.07019382986627,1.27264443325775,0.975449473502373,1.11978100349627,5,0.0620545020058882
"87","A67H",2.46164538630994,1.01314013205512,0.288648173377967,0.290082668980101,1.14804173334883,1.88450106310469,1.04031161881439,5,0.397515732913065
"88","A67K",2.05217234406482,1.81763385085886,1.13678132403218,1.32864982302674,0.908813234262322,1.00826299380714,1.44881011524898,5,0.212541057323205
"89","A67D",0.272429121279994,0.24386996315624,0.933985145746267,1.91216657905579,1.29554520735964,3.25461761250107,0.931599203319587,5,0.316342493965631
"90","A67E",1.66059274396294,1.18733207595333,1.01704274871085,1.0755935911206,1.01182493011442,1.4716844998975,1.19047721797243,5,0.121698993935701
"91","A67S",1.10823181146878,0.683140651574577,0.756021654054059,1.11204484529339,0.822425773652637,0.608718558120977,0.896372947208688,5,0.090009229487184
"92","A67T",1.23925086715948,1.04143376844796,1.14917438610476,1.17799257716724,0.842146249934936,0.807969713212716,1.08999956976287,5,0.0697532376391302
"93","A67N",0.328571542592212,0.426729523693805,0.206699317108306,5.72316038734928,0.561999576922438,1.57086389764434,1.44943206953321,5,1.07002158098598
"94","A67Q",0.775946060094116,0.859052897563756,0.347433785685594,0.588837577764703,1.20378438855311,1.57112533964135,0.755010941932255,5,0.142547069305004
"95","A67C",0.124146150268801,0.0387593666289237,0.181402145625816,0.0300896194752129,0.470936040061233,0.301335171016177,0.169066664411997,5,0.0804952630647955
"96","A67G",1.11825480691245,0.95109156827065,0.935379416068414,0.948775711631286,0.846924406013766,0.857594032194265,0.960085181779313,5,0.043955747943216
"97","A67P",0.603678329245806,0.504309032910117,1.3390052630583,0.898282399223529,1.38625957535442,1.60794718710216,0.946306919958434,5,0.182048505292418
"98","A67A",0.756590362775812,1.01305561762359,1.95677869204903,0.93049128366149,1.22057011373297,1.17106551566877,1.17549721396858,5,0.209084963874705
"99","A67V",0.711621916478966,0.856213263280323,1.33419631535079,1.69544959066729,1.48807648125746,1.3132425651724,1.21711151340697,5,0.187310632420113
"100","A67I",0.114140016609472,0.050269375253956,0.633458295156461,0.271434502529943,0.643054877692834,1.17120024508689,0.342471413448533,5,0.126013349476079
"101","A67L",1.43318853681238,1.59590591688004,1.38334398078953,0.829001663589628,1.20167361704255,0.977475581426469,1.28862274302282,5,0.130978245850579
"102","A67M",0.0580070778172775,0.17624494277715,0.280687199489697,1.97778037253727,0.847577353092721,0.823860943536654,0.668059389142824,5,0.35437961561359
"103","A67F",0.35747272867585,0.423061659759845,0.215962746154655,0.262377382147134,0.295911316509785,1.02595096613673,0.310957166649454,5,0.0362914782559413
"104","A67Y",0.239690167799642,0.210834730351792,1.59096945029136,3.1231753584304,1.14278753737356,1.03710945690706,1.26149144884935,5,0.535559088677698
"105","A67W",0.784718948271431,1.34718987033635,0.107275287077662,1.69412439668497,0.654944947138553,1.1038693108387,0.917650689901794,5,0.276659427235911
"106","V68_",0.328364103446515,1.29185419557437,1.63471795423684,1.05493159151153,0.89936575807528,0.679611036510793,1.04184672056891,5,0.217201464167034
"107","V68R",0.683251555600006,1.47208092351066,1.97029596322978,1.06449824018697,1.17052464602058,0.927478855687957,1.2721302657096,5,0.215363472058783
"108","V68H",0.0641297256790856,0.10739029504686,0.208910666850772,0.0388892201817584,0.689622534143941,1.06971855203938,0.221788488380484,5,0.120505167330061
"109","V68K",0.129909625629406,0.682668462252439,1.6672959128512,1.3340733080412,0.831031884785755,1.10055048475812,0.928995838712001,5,0.266269379034944
"110","V68D",0.266299443925308,0.898899783015736,1.65645433234523,2.10553475848233,1.89817104123265,2.00745235471205,1.36507187180025,5,0.342198846720458
"111","V68E",1.15791948782158,0.831391644338409,2.06307928960549,0.212987457910084,1.10982049092306,1.04777594703601,1.07503967411972,5,0.298897928764511
"112","V68S",0.791763934547788,1.47148298246152,1.96781286993125,1.62435322011584,1.61339312822884,1.04281099794925,1.49376122705705,5,0.193570082839959
"113","V68T",0.210909583011245,0.191689899232925,1.77185853098141,1.49718411136512,0.390895315710785,0.674868216927334,0.812507488060297,5,0.340163772606963
"114","V68N",0.828460463903052,0.152359428544563,0.430969504337656,2.55923326133274,2.11362519464396,0.882466701338633,1.21692957055239,5,0.474752214334345
"115","V68Q",1.38840490020981,1.70317449079783,1.77936649679061,0.647555682082515,0.926400118789701,1.40841480393498,1.28898033773409,5,0.219637272462734
"116","V68C",0.0699558711290807,0.201866715263492,0.961571029747076,0.845414005087406,0.843482978742182,0.911349365445202,0.584458119993847,5,0.185539045106084
"117","V68G",0.158957574729504,1.0891628265909,1.24510443643008,1.40321995666252,1.17821050561216,1.14861141971439,1.01493106000503,5,0.220069215305703
"118","V68P",2.85130022843468,2.18213282231071,0.256108239957017,0.879499003144461,1.80631999829591,1.80770484561746,1.59507205842856,5,0.462182007023723
"119","V68A",0.959048723221076,0.814477701780795,1.26221668773023,1.93535658924572,1.52557828107281,1.76049761976526,1.29933559661013,5,0.200993607251787
"120","V68V",1.30137745469952,1.0734833830631,1.53865696027664,1.6464972428864,1.38788946601742,1.07320720767433,1.38958090138862,5,0.0989772771688519
"121","V68I",0.269095002592319,0.293817402568819,0.32431976764424,1.38306432977132,0.933648038358149,0.718631059306164,0.640788908186969,5,0.223096119833563
"122","V68L",0.703566269215296,1.43808716419144,0.434455367220258,0.38709678840277,0.818987468176778,0.969111934845245,0.756438611441308,5,0.188605300206843
"123","V68M",0.039152027646085,0.121154277492872,0.517796749090346,0.0964236048228166,1.26282600053764,0.296415843925031,0.407470531917952,5,0.230020712207138
"124","V68F",1.39808968402438,0.944717268884213,0.116051318915477,0.128825468598894,0.140242971428091,0.582399003194791,0.54558534237021,5,0.265382804140929
"125","V68Y",1.34496558745349,0.290398885674619,0.863257436435036,0.111607246285054,0.95150786440936,0.580652106328237,0.712347404051512,5,0.225732875203981
"126","V68W",1.3483164818339,1.27396058440096,0.186487549623476,0.722035744059461,0.881828497272116,0.757770647883492,0.882525771437983,5,0.209810502596559
"127","R69_",0.487808512773597,0.504571193058495,0.0856437636065197,0.0856437636065197,0.67836975441232,0.576576480703085,0.36840739749149,5,0.120163308367697
"128","R69R",1.55430285594926,1.13612894536921,0.876324678221298,1.28171129873426,1.03457991468449,1.02018343729157,1.1766095385917,5,0.115256390674045
"129","R69H",0.99908108587097,1.55101291625711,0.418776448030894,0.507012449722698,1.35580444415778,1.19689447012385,0.96633746880789,5,0.224210235362758
"130","R69K",1.88818569877475,2.44054129365822,0.485699582942941,0.755961519223305,2.48037991418085,2.0112746267175,1.61015360175601,5,0.419415090033625
"131","R69D",0.160781750935123,0.842361787895353,1.39520703642804,0.424959978593508,1.92299150607715,0.607667572732321,0.949260411985835,5,0.320549332761106
"132","R69E",0.0621046048829736,0.253010568066203,2.17988280318295,1.85598749584229,2.00401053469393,1.04261275467335,1.27099920133367,5,0.458438290506294
"133","R69S",1.1453719831279,0.463997564502834,0.514606946503019,0.805064452163499,1.00704220840348,0.973141567080438,0.787216630940146,5,0.133361105740722
"134","R69T",0.49967011684961,0.206663882762076,0.092231984340938,0.092231984340938,0.273026684333622,0.786481835861092,0.232764930525437,5,0.0751796747556773
"135","R69N",NA,NA,NA,NA,NA,NA,NA,0,NA
"136","R69Q",NA,NA,NA,NA,NA,NA,NA,0,NA
"137","R69C",0.688085616717072,1.52594055290907,1.44739342554004,1.1436058800717,1.39072445343081,0.89779235256765,1.23914998573374,5,0.15188640390556
"138","R69G",0.280950272021111,1.03814425482427,0.675834844766139,0.848367273424355,1.1348853833519,0.970817537558289,0.795636405677556,5,0.150985876879134
"139","R69P",0.428675036515852,1.40122933894652,1.86593995511892,0.69792572916031,1.13012998832066,1.31422889532809,1.10478000961245,5,0.254021419283367
"140","R69A",0.915521890474799,1.04076758424998,0.828783935393754,1.13248837400402,1.05789603868577,1.28143547836418,0.995091564561664,5,0.0542669994302487
"141","R69V",0.919494515567044,0.270020616573842,1.10537285695138,0.960080263390089,0.997870355427648,0.804842119911182,0.850567721582,5,0.14839180634795
"142","R69I",0.618809050907307,0.946383023417945,1.94114845265575,1.42065814186009,1.02448516204515,1.05350728059726,1.19029676617725,5,0.226983504815908
"143","R69L",0.364385993637163,0.14809699023311,0.159125517232696,0.713548050770193,0.820270530176393,0.902168519286165,0.441085416409911,5,0.139506924863231
"144","R69M",2.01407260517992,0.231243316876512,0.289386420978388,8.47486549085156,0.994797776754865,4.01813336697261,2.40087312212825,5,1.55218741447444
"145","R69F",0.0975914791572402,0.626333933741905,0.215716516914516,0.714985472221284,0.353699688038252,0.654276965757326,0.401665418014639,5,0.117894881927061
"146","R69Y",NA,NA,NA,NA,NA,NA,NA,0,NA
"147","R69W",0.0744942283406091,0.332475591829492,0.729515923553283,1.14747713643644,1.07306618564231,1.0128183609135,0.671405813160426,5,0.207669073241717
"148","N70_",NA,NA,NA,NA,NA,NA,NA,0,NA
"149","N70R",NA,NA,NA,NA,NA,NA,NA,0,NA
"150","N70H",NA,NA,NA,NA,NA,NA,NA,0,NA
"151","N70K",0.740619612836,0.8684424534626,0.822022430462956,0.626532016031709,0.955464200574345,1.39493589085729,0.802616142673522,5,0.0560898499592505
"152","N70D",1.39475803717251,1.2182820330039,1.62320959312946,1.59426937731819,1.36325726087954,1.79523919504619,1.43875526030072,5,0.0756479309053751
"153","N70E",NA,NA,NA,NA,NA,NA,NA,0,NA
"154","N70S",1.76802154271462,0.972779368235905,1.07969727285006,0.621065060399601,1.0694097461912,0.729717700196219,1.10219459807828,5,0.186163964034597
"155","N70T",NA,NA,NA,NA,NA,NA,NA,0,NA
"156","N70N",1.61131550402206,1.35313777199121,1.61618644595513,1.57397566675345,1.22121718220257,1.89841422679275,1.47516651418489,5,0.0798647902260816
"157","N70Q",NA,NA,NA,NA,NA,NA,NA,0,NA
"158","N70C",NA,NA,NA,NA,NA,NA,NA,0,NA
"159","N70G",NA,NA,NA,NA,NA,NA,NA,0,NA
"160","N70P",NA,NA,NA,NA,NA,NA,NA,0,NA
"161","N70A",NA,NA,NA,NA,NA,NA,NA,0,NA
"162","N70V",NA,NA,NA,NA,NA,NA,NA,0,NA
"163","N70I",NA,NA,NA,NA,NA,NA,NA,0,NA
"164","N70L",NA,NA,NA,NA,NA,NA,NA,0,NA
"165","N70M",NA,NA,NA,NA,NA,NA,NA,0,NA
"166","N70F",NA,NA,NA,NA,NA,NA,NA,0,NA
"167","N70Y",NA,NA,NA,NA,NA,NA,NA,0,NA
"168","N70W",NA,NA,NA,NA,NA,NA,NA,0,NA
"169","I71_",0.48661275358497,0.286194955878116,0.284186449623928,0.0515259720239509,0.175606731518975,0.714182200916612,0.256825372525988,5,0.0718184352912623
"170","I71R",1.23597541805887,0.799185328468545,1.35079326593112,1.80606301654764,1.42825705819848,1.38480415267353,1.32405481744093,5,0.162350071860515
"171","I71H",0.146708670729722,0.812309461562525,2.90130074981682,0.529160719528971,0.701776065986352,0.413701088585086,1.01825113352488,5,0.484109491518144
"172","I71K",1.54567470471976,0.547131624291177,0.78180035996632,0.487043184938435,0.201669722730424,0.467628680092713,0.712663919329223,5,0.227827516056136
"173","I71D",0.0273335618969367,0.234049483921852,1.62947120227164,0.884208382938555,0.97503256203788,0.579696677574809,0.750019038613373,5,0.285532209535367
"174","I71E",0.508717364586374,0.783148842293061,1.9682792637245,2.02832392976304,0.890475627049743,1.25613648081906,1.23578900548334,5,0.317601259622501
"175","I71S",1.3577709919645,1.31894130674264,3.59562100776055,1.26720858035625,1.31386582169686,0.683210596411025,1.77068154170416,5,0.456461063048854
"176","I71T",1.4315081833197,1.63158744948181,2.1368288741148,2.32760861558529,0.741606865047704,0.894097541777787,1.65382799750986,5,0.280119465975137
"177","I71N",0.285621327448731,1.94750650986083,1.30256802697348,1.57652708748595,1.6265031281833,1.43880209648652,1.34774521599046,5,0.284596983555573
"178","I71Q",0.506802432464469,0.332842238268173,0.678619061655665,0.13190365886744,1.24829010391361,0.456932929354158,0.579691499033871,5,0.190206740214466
"179","I71C",2.18390849165074,0.578915307743142,0.434196410895854,0.341900693295414,1.65962065772425,0.33018678360484,1.03970831226188,5,0.371442841859088
"180","I71G",1.04527062929018,0.955904555430781,1.33607982012843,1.04998741868622,1.34254559277562,1.32742498862839,1.14595760326224,5,0.0807036551254838
"181","I71P",0.186102694375518,0.893159371869376,0.336912481664177,0.423555955169752,1.08229233130318,0.461230798232057,0.584404566876401,5,0.171608674801204
"182","I71A",0.278310749683153,0.243337887290929,1.53372290277432,1.59454843216037,1.24701281053181,0.707539545729946,0.979386556488117,5,0.299216615536486
"183","I71V",0.839579887642495,1.32125492776372,1.28015558901038,1.65784896732571,1.31201260035272,1.08068372863884,1.282170394419,5,0.130277197596606
"184","I71I",0.652205751349763,0.789611263771772,1.28140976537648,0.98476455864464,1.2476361679638,1.72884617561913,0.99112550142129,5,0.123607791523655
"185","I71L",0.63727835962531,1.52027721751812,1.44460636872814,0.86645187351934,1.17038639410403,1.04897486549517,1.12780004269899,5,0.168097079895975
"186","I71M",0.734279105169538,0.554765678829134,0.557096666018411,0.418419671226428,0.836460096949461,1.04756319697741,0.620204243638594,5,0.0737432891541615
"187","I71F",0.821305142041821,0.803615027128946,0.155816258937306,0.280834698304942,0.668074982912018,1.20736071181104,0.545929221865006,5,0.13777094919744
"188","I71Y",0.13200373400836,0.156619273418753,0.112545596728792,0.606883613208233,0.461440459002775,0.565028419902963,0.293898535273383,5,0.100988703810768
"189","I71W",0.224334828736495,0.637843524459118,0.167036110003659,0.167036110003659,0.838477903901153,0.924073795357703,0.406945695420817,5,0.139282770182062
"190","H72_",1.82723440723699,2.33421533222427,1.60299982491212,1.20708961693828,1.50225222648903,1.6928561887583,1.69475828156014,5,0.188381815149174
"191","H72R",0.579270622900746,0.635748314428888,0.894100615069117,0.654473390378793,0.761309113336836,0.790785954831735,0.704980411222876,5,0.0557164102602268
"192","H72H",1.33647954975295,1.3162348283951,0.992127459112102,1.31279743484921,0.861489353846217,1.2999737017998,1.16382572519112,5,0.099024750483469
"193","H72K",0.21607099306879,0.32124609369083,0.604592077832371,0.218148772297151,0.319986711877648,0.506646916396629,0.336008929753358,5,0.0710238289583334
"194","H72D",1.71762306581983,1.67741386393778,1.7533574043839,1.47868137243041,1.86252274376163,1.61679968977469,1.69791969006671,5,0.062865593648554
"195","H72E",0.467537119066469,1.2772669178589,1.05050061278509,1.15712906000154,1.14541860142713,1.01673935451064,1.01957046222783,5,0.142629777988612
"196","H72S",0.458864880560598,0.399523960569446,1.01991948673119,0.968186999217543,1.10688512030526,0.918926031003965,0.790676089476807,5,0.149524157872629
"197","H72T",0.100227760095813,0.33088579375696,0.268287627691762,0.87419781966858,1.43648142195603,2.12035007779481,0.602016084633828,5,0.245671847830125
"198","H72N",0.580541056644792,1.0149600371314,1.57780717582088,1.41213108972415,1.28507834154383,1.40844725711288,1.17410354017301,5,0.174584109061
"199","H72Q",0.629264574903707,0.587806252473393,0.853950226052163,0.603801561675516,0.800968810656434,0.995026359059287,0.695158285152243,5,0.0550559890916687
"200","H72C",0.0684649246962052,0.990786381399147,1.20667971428654,0.101439667204339,1.19358417376126,0.851336812583653,0.712190972269499,5,0.258966630415517
"201","H72G",0.69458220167033,0.587568259370581,0.0836953599153445,0.268244212307358,0.740410683069563,0.761214151096739,0.474900143266635,5,0.127905827512845
"202","H72P",0.657281417373251,0.60946208653222,0.90469478989496,1.03825757575209,1.09970848185609,1.13453870559832,0.861880870281722,5,0.0987623220900615
"203","H72A",0.365636617182662,0.53897143520686,0.37697659494517,0.572220933334541,1.09367868639079,0.952313309061251,0.589496853412004,5,0.13272694934124
"204","H72V",0.746395539035473,0.88812737091782,1.15594958283688,0.767485713387607,0.81026233114235,0.654158807551446,0.873644107464026,5,0.0746274744030164
"205","H72I",1.5195380411185,1.18215715027811,1.81760462280657,0.935107115266297,0.863273397980516,0.936603023796898,1.26353606549,5,0.179892646308914
"206","H72L",0.956943035784345,1.34880182906183,0.883825074116881,1.00987861081413,0.965213616805923,0.955382660541604,1.03293243331662,5,0.0815163128198491
"207","H72M",0.228793739268933,0.398928660944217,0.325300363342055,0.890332602676928,1.2283029456148,0.736165505347585,0.614331662369386,5,0.191273925391005
"208","H72F",1.55522577870642,1.30622115495369,1.58264926641838,1.112449732977,1.08952673320982,0.833399510919704,1.32921453325306,5,0.104946691853498
"209","H72Y",0.422801355244934,0.579562163713836,1.15549181207129,1.23788641449919,0.913383483542329,0.68458699158503,0.861825045814315,5,0.158545692249072
"210","H72W",0.424951073771374,0.413788432318554,0.223736392740252,0.168512942602752,0.527096470884579,0.574746370927175,0.351617062463502,5,0.0670510117831248
"211","K73_",1.58117646801224,1.51177963457351,2.38565306789406,1.40482518291544,1.24572251758333,1.45206449606408,1.62583137419572,5,0.198199059739333
"212","K73R",0.557188817001113,0.772572639028786,1.39150900286682,1.21510773404479,0.566488012402161,0.607313967040988,0.900573241068733,5,0.171151953876081
"213","K73H",0.194512572642408,0.271822890449165,1.52788296070662,2.13198772326064,1.1576729505166,0.834015671109353,1.05677581951509,5,0.370665065472774
"214","K73K",1.42806243707184,0.891841471758447,0.675977081574623,0.637377750860247,0.648690850050035,1.11938464031024,0.856389918263039,5,0.150286444075209
"215","K73D",1.0490679845865,1.13423395325574,0.708142529395375,1.24362403824277,1.15822572933807,1.16032340811168,1.05865884696369,5,0.0929491678995857
"216","K73E",1.42532482748582,1.15152513563601,1.03772685838829,1.14659919042719,1.48495171741131,1.54039959636928,1.24922554586972,5,0.0870020168539148
"217","K73S",0.413842511541695,1.09101785028936,0.658026709846261,1.29527485503575,0.809544691061216,1.54427605411685,0.853541323554854,5,0.155727378247154
"218","K73T",1.89425289680836,1.59271928290617,1.13646508654738,1.85139134724127,1.36435153936453,1.46619333695656,1.56783603057354,5,0.144058598134988
"219","K73N",2.20661611998665,1.61889220436471,1.48427744171725,0.976730492675524,1.23776757756712,1.46826214409336,1.50485676726225,5,0.206899465423677
"220","K73Q",0.37588045705865,0.48738140620004,0.115558454227301,0.323011656617652,0.873962543286618,1.07560882979309,0.435158903478052,5,0.125202078746589
"221","K73C",0.768885075272238,1.0434190261344,1.14171857469156,0.868701443688006,1.92086058351694,1.03479656778011,1.14871694066063,5,0.203718354308402
"222","K73G",1.36868350873102,1.00880080875765,0.860436464824038,0.460045325613367,0.868748794806203,0.781227079378835,0.913342980546455,5,0.14606739854426
"223","K73P",0.145954701980219,1.14640314822031,0.476284688914664,0.29859584259144,0.928649197641421,1.23741230320908,0.599177515869611,5,0.189587762005973
"224","K73A",1.17216800644363,0.972573104752718,0.768933315674238,1.43396351988131,1.00346862050431,0.93624955175233,1.07022131345124,5,0.111235577319686
"225","K73V",0.811990071278936,0.82273226029656,0.973820055273139,0.9600418753985,1.0325664115685,1.13055232265151,0.920230134763127,5,0.0437595933640504
"226","K73I",1.40192224235697,1.32573559814487,0.283790050244796,0.405470931735145,1.40845850025181,1.287242533023,0.965075464546719,5,0.254441192074426
"227","K73L",0.631348165437219,1.08549496620849,0.684454734607739,0.743845544956856,1.06604905069069,1.0789452015059,0.842238492380199,5,0.097035172589169
"228","K73M",0.913970987676422,1.14036549050686,0.49301721580426,0.959109579147587,0.919307563944546,0.874693827294462,0.885154167415935,5,0.106388550794219
"229","K73F",1.85857407745418,1.38761494870173,1.11314148657881,1.10767029091475,0.825396935039608,0.634057052068563,1.25847954773781,5,0.174387002062095
"230","K73Y",0.581909131311969,0.306305787802568,0.824847566715398,1.07105308969604,0.759759245163254,0.451865914251098,0.708774964137845,5,0.127552746673163
"231","K73W",0.671709412857238,1.19493565991837,1.43856407716904,1.79611158751103,1.29375845994637,0.978574579528672,1.27901583948041,5,0.182886791493001
"232","L74_",0.800343576555486,0.865586624198434,0.233539594650863,0.637076133505686,0.271096474147778,0.5284653283703,0.561528480611649,5,0.131741966032531
"233","L74R",1.06521556167334,0.851827695361356,0.85496568676333,0.895827192878637,1.24622916933582,1.29742784724256,0.982813061202495,5,0.076565944326291
"234","L74H",0.287079930670837,0.64877434565265,1.02879039409056,0.3867933839017,1.40983713405107,1.08280452934255,0.752255037673363,5,0.208511914647425
"235","L74K",0.894842859147177,1.40179622048462,0.209377205765357,0.782873124739514,1.02444700059227,1.29590492586454,0.862667282145787,5,0.193781189575211
"236","L74D",1.28672567079641,1.77603855812495,1.75986506253094,2.76369887515049,1.18474282700717,0.929447426373835,1.75421419872199,5,0.279500511074119
"237","L74E",0.307195195318954,1.21852317503372,1.79979242633897,0.888624113089481,1.25191128528312,1.3538678905057,1.09320923901285,5,0.24493089569269
"238","L74S",0.947759021481288,0.977920385486507,0.979656584613986,1.02166820582298,0.979129663530717,0.983860953278876,0.981226772187096,5,0.0117758130050051
"239","L74T",0.0619570330467401,1.32296735394012,0.311393580647658,0.755610300352625,1.03728915040847,0.904905048063789,0.697843483679123,5,0.230546668224775
"240","L74N",0.25262770666619,0.264296101443479,1.18984690152972,1.22399681128599,1.02222186710232,1.42215585918488,0.790597877605539,5,0.219919252879553
"241","L74Q",1.19389139355132,1.52415735499871,1.93925321772482,2.4345131717898,1.51634261832674,1.71043606802913,1.72163155127828,5,0.213916884891822
"242","L74C",2.12137628826293,2.93923125906063,0.0819006040416931,1.16979078863739,1.51240995374475,1.23701825103986,1.56494177874948,5,0.477315721644223
"243","L74G",0.778351429152957,0.72201202274104,0.754838396752258,0.871486328233911,1.01454955252489,1.58772685117187,0.828247545881012,5,0.0527932486195293
"244","L74P",0.557828231546634,1.48365600810395,1.38480067296802,1.39946510632906,1.11093420575647,1.26011112515122,1.18733684494083,5,0.169398032268421
"245","L74A",0.996181658991874,1.20309450552921,0.524565748656716,1.0685721784933,1.09485371295841,0.982017565159404,0.977453560925901,5,0.117995200369604
"246","L74V",0.525057126934033,0.757916207551836,0.743790681969963,0.687258719002452,1.12227001714488,0.924930647479446,0.767258550520633,5,0.0979113538593641
"247","L74I",1.59867299488233,1.50475827107148,0.899784096921885,0.663337779458518,0.897573086538187,0.450851120093427,1.11282524577448,5,0.184853798604071
"248","L74L",0.839172326232699,1.224584038941,0.674830181987143,0.804816080743709,1.24571192303067,1.33340354238445,0.957822910187045,5,0.116536586245092
"249","L74M",1.43322795733797,1.10458879846638,0.782940293238648,0.971058177900299,0.948067963058039,1.61859749024213,1.04797663800027,5,0.109033474823455
"250","L74F",1.05165589010024,1.0095724641533,0.018401052392945,0.175322565393378,1.09537133891532,0.519962762157127,0.670064662191038,5,0.235711516981626
"251","L74Y",0.865984262544014,0.4167450123798,0.626435433439549,0.106638643803429,0.873989050070815,0.596463102776342,0.577958480447521,5,0.145099127319191
"252","L74W",0.40338499994277,1.27005991055371,0.183009239667261,0.0308635730806919,1.39430294912242,0.216987392268201,0.65632413447337,5,0.282886058598847
"253","M75_",0.685089928704398,1.62466990911078,1.11660248951343,1.09570111021672,1.13447548897957,1.1398809716114,1.13130778530498,5,0.148998435585264
"254","M75R",0.574573102265396,0.948149786842344,1.05050288842409,0.805184901223367,1.09547647708776,0.891773748409834,0.894777431168592,5,0.0943230531447106
"255","M75H",0.330574823397143,1.27745723238795,0.289436652032054,0.0647018420976787,0.332099641015983,0.120113158340288,0.458854038186162,5,0.21055778638166
"256","M75K",1.4408973988429,1.20139720124682,1.31192130479809,1.7315597413894,1.20641765904471,1.18624170102241,1.37843866106438,5,0.0984771683207923
"257","M75D",0.236183055883217,0.268902211558908,0.919893619510416,0.721712056932875,1.02429279605278,0.483598334644561,0.63419674798764,5,0.163295982170566
"258","M75E",0.998286867588212,0.892640897320778,0.216950180625284,0.421031565375614,0.859369703030956,0.997746124190385,0.677655842788169,5,0.151681983380939
"259","M75S",1.1710914172958,0.684587737161462,0.884207340439102,0.939778440752724,0.819465141593544,1.15881013647208,0.899826015448526,5,0.0800657367488784
"260","M75T",0.794214665697074,1.24985468529706,0.493174501563497,0.502835409279522,1.04391778135099,0.695152145875091,0.816799408637629,5,0.148818038532281
"261","M75N",0.135753353541053,0.873280695197807,0.837640828001365,0.965470211087052,1.02141672673238,0.719161133577527,0.76671236291193,5,0.161070779980851
"262","M75Q",0.607832632214851,0.611096408241393,1.66954149075381,2.02454064733554,1.28535850631596,1.87482484950228,1.23967393697231,5,0.282597070997709
"263","M75C",0.218333750021408,0.214218846946305,0.85149465139832,1.17114611354873,0.791482120112268,0.316135620661552,0.649335096405405,5,0.18820856924752
"264","M75G",0.412529996053987,0.58133820247994,0.813125196913552,0.769478896775853,0.658504623202724,0.713752423466743,0.646995383085211,5,0.0714208204438532
"265","M75P",0.133329976013053,0.721445298111296,0.58144387682037,0.25478581798321,0.548076289116647,0.734983554013769,0.447816251608915,5,0.109303165158744
"266","M75A",0.10526530024029,0.518447573792213,0.718861277361336,0.489654836927979,1.08312105359251,0.918359132400842,0.583070008382865,5,0.159638671533501
"267","M75V",1.85277820313003,1.11686224783381,0.633018687173684,1.01945176117025,0.763858665981017,0.857735161681825,1.07719391305776,5,0.212356932103149
"268","M75I",0.579826291080518,1.01786803984078,1.0522631454809,1.1463317543293,1.26537384253695,1.1462004952569,1.01233261465369,5,0.11633409659197
"269","M75L",0.773690794967466,1.00741505439752,0.848737420449174,0.831880580236532,0.938296015744537,1.01852560148314,0.880003973159046,5,0.041368765979344
"270","M75M",NA,NA,NA,NA,NA,NA,NA,0,NA
"271","M75F",0.068715057019368,0.0960498899564051,0.145563347722714,0.104660729577597,0.427762762605103,0.333949767265643,0.168550357376237,5,0.0659639155717101
"272","M75Y",0.648584211711413,0.884938770757228,0.142620001926031,0.71898217662051,0.946818693643128,1.05291480503152,0.668388770931662,5,0.142091842836309
"273","M75W",0.154244951483307,0.588330439987138,0.959738393723293,0.504188876878955,0.699776520918507,0.580470584101383,0.58125583659824,5,0.131457951634693
"274","D76_",2.82224304565481,0.66521355450478,0.757484699946366,0.118941469065124,0.33642437610282,0.201032620937694,0.940061429054779,5,0.484257108074503
"275","D76R",0.0449494756569619,0.0955923436984071,0.0448641459450372,0.338568332569694,0.74244606474495,0.445330665080197,0.25328407252301,5,0.133839775670771
"276","D76H",0.897428100446509,1.07016782021273,1.74043988912193,0.526297384235626,0.595758201696514,1.63662489532327,0.966018279142664,5,0.217454312430202
"277","D76K",0.0899862511713355,0.0905614855721169,0.448309478266105,1.98002275159866,0.796222558146233,0.652507089981358,0.68102050495089,5,0.350199665512659
"278","D76D",0.589454628862062,0.795972816358837,0.513616487440274,0.648815258607467,0.935630982967253,1.4307299773884,0.696698034847179,5,0.0755834629168826
"279","D76E",0.124689137747055,0.188071969013292,0.567459607837809,0.191679084382815,0.421105134397562,0.339046529027545,0.298600986675707,5,0.0840197930595452
"280","D76S",0.0345089229218533,0.0744002068793388,0.195348107651901,1.02383024436408,0.968506845972537,1.14775962459324,0.459318865557942,5,0.220935728028674
"281","D76T",0.0340787410036595,0.0232175759692735,1.33752077907764,0.226239174371746,0.377579395394902,0.208184993989036,0.399727133163444,5,0.243464957416729
"282","D76N",0.289832405360927,0.538577789904591,0.104930842575199,0.489754453984188,0.46476251244242,0.496328882899687,0.377571600853465,5,0.0800441721842555
"283","D76Q",0.534361607123758,0.352872844284711,0.267097868747812,0.198927095072824,1.60859882968263,0.283047410929578,0.592371648982347,5,0.260196480982276
"284","D76C",0.0533283369759333,0.0363321730377537,0.072069835822224,0.0804764513308931,0.045961289781368,0.187240176071299,0.0576336173896344,5,0.00818147195745645
"285","D76G",0.276731902685804,0.442814010446378,0.284740623370917,0.751252830938972,0.890723959579683,0.736466078243755,0.529252665404351,5,0.124693641655148
"286","D76P",0.361574707304367,0.155514357793048,0.686007655066547,0.427327520852507,0.694649323700228,0.249969597895102,0.465014712943339,5,0.102342699783174
"287","D76A",0.769189243795573,1.58284205861974,1.6914506404046,1.09177103105609,0.857185601011426,1.08967118122813,1.19848771497749,5,0.187471793652583
"288","D76V",0.260530683363254,0.358157380020953,0.762562127428901,0.410191120647673,0.614432844948588,1.01940978905641,0.481174831281874,5,0.0910473308615359
"289","D76I",0.0704987026953651,0.0845956177342605,0.299864809446442,0.0601067736686377,0.665258199720595,0.210125633298329,0.23606482065306,5,0.116102043124239
"290","D76L",0.032155256508016,0.0633863164690517,1.02998068156961,1.45993073425938,0.355331323601376,0.724933390287301,0.588156862481488,5,0.282305474087054
"291","D76M",0.0525976474812556,0.0358343600800859,0.0448444407029701,0.0448444407029701,0.045331541442877,0.0788890519271383,0.0446904860820317,5,0.00265906492194157
"292","D76F",0.461948918366254,0.384344151743582,0.3938548940779,0.3938548940779,0.880992341867608,0.692858216171512,0.502999040026649,5,0.095516469896085
"293","D76Y",0.666296384462846,0.664255040864398,0.580644553304526,0.755110252099577,1.1113641463284,3.00336337550158,0.755534075411949,5,0.0931388188596542
"294","D76W",0.069335402943989,0.0875865421712421,0.0591149512351542,0.0591149512351542,0.147582572294538,0.565009153410641,0.0845468839760155,5,0.016594717660739
"295","D77_",0.624204953802378,0.54459488461783,0.0563183705797702,2.09887771177606,0.547857889069645,0.342504024705195,0.774370761969137,5,0.346162729233734
"296","D77R",1.13615768368863,1.10343848511319,0.89455101358961,0.944377399676079,1.01763138604499,0.805706111880054,1.0192311936225,5,0.0457785261694142
"297","D77H",0.373936868463641,0.339576934990137,1.36258491735612,1.39284796255141,0.805420634760763,0.618012711641632,0.854873463624412,5,0.228742604800253
"298","D77K",0.434507818857494,0.407960293233558,0.403303810645614,0.416536316876181,0.398377624949629,4.35345570552098,0.412137172912495,5,0.00634270463029139
"299","D77D",1.39488564858322,1.73578769570021,1.744780575567,2.31229078717612,1.466385705976,1.9688895291501,1.73082608260051,5,0.161416423597902
"300","D77E",0.965384170444883,0.424272650871103,1.73427011556567,1.55234682104395,1.13780838597249,0.930613010899952,1.16281642877962,5,0.230580252120878
"301","D77S",1.50913262355729,1.08319047798391,1.78482476852324,1.29976934345453,1.12489634425818,1.23854511097407,1.36036271155543,5,0.130046325971051
"302","D77T",1.03865400696724,0.927035923783951,0.827484403763034,0.547831896417675,0.819692130381437,0.962786751492938,0.832139672262667,5,0.0814435366437626
"303","D77N",1.54357569121801,0.920438733404065,1.21668307373602,4.70640784661502,2.00105800812327,0.9943471157594,2.07763267061928,5,0.681244136812059
"304","D77Q",0.595148794492705,0.104467807465385,1.16242078882206,1.426087082836,0.579294130573433,0.770557137891508,0.773483720837916,5,0.233907933406567
"305","D77C",0.4997519747579,0.989620206604547,0.773134628044387,0.917202494477051,1.11076425473367,0.745549127399109,0.858094711723511,5,0.104943393480836
"306","D77G",0.908005018158286,0.998940197214615,0.884593991234444,1.29142996649025,0.866155184308124,0.778355442360743,0.989824871481144,5,0.0787752945343339
"307","D77P",0.14890303095103,0.206585830964653,0.94740297396561,1.52449378485528,0.966915662334484,0.525361675150641,0.758860256614211,5,0.25904487700472
"308","D77A",1.28128608401049,1.25640161011896,1.04078789190082,1.40674765351543,0.927880412988004,0.974242733983693,1.18262073050674,5,0.0867238523337943
"309","D77V",1.1604311167758,1.15327531778049,1.07027839706027,1.07294411729794,0.950968256249713,0.88131474881256,1.08157944103284,5,0.0378281968321355
"310","D77I",0.0744694730646768,0.296837220386364,1.04760024248213,1.77206088976411,0.614910251008596,0.465361335929049,0.761175615341175,5,0.301039626357626
"311","D77L",0.0314694198530981,0.221244498385111,0.728766886958806,1.07732753615437,0.5623469779858,0.806072379847316,0.524231063867436,5,0.18490785950947
"312","D77M",0.0533840884940286,0.39307666968032,0.156333243834682,0.342805398935324,0.864128048760464,0.734009068105464,0.361945489940964,5,0.139822986313041
"313","D77F",1.13197599912913,0.945467154763667,1.02569552512206,0.687070764963033,0.802439329582628,1.37320077466271,0.918529754712104,5,0.0789998974262736
"314","D77Y",1.66280763187749,1.54126439926699,1.0058208796583,0.914117349440244,0.82211643650208,1.0869886536478,1.18922533934902,5,0.172090417513588
"315","D77W",0.338530580047372,0.925278663335139,0.919026092707618,0.616632288386329,1.1635087801593,1.01540057304932,0.792595280927151,5,0.142881801041331
"316","D78_",0.179086428075685,0.122010163123883,1.17891387115232,0.712016395853058,3.58146116554458,0.696165018107175,1.1546976047499,5,0.636553021374239
"317","D78R",0.028469921760871,0.075051635577394,0.0242732855814239,0.114172253910596,0.150546388803246,0.730025008337872,0.0785026971267062,5,0.0244117065203525
"318","D78H",0.538188768023525,0.614735925199216,0.697060324891999,0.671448389654588,0.467957793956723,0.919964137130202,0.59787824034521,5,0.042412256364707
"319","D78K",0.83186474642665,0.444111803208361,0.114406190683795,0.114406190683795,0.115648871811231,0.399949486612109,0.324087560562766,5,0.142060326978294
"320","D78D",1.25806237334626,1.72682972242362,1.9463842168667,1.94410796875763,1.87721859825671,1.58647363713953,1.75052057593018,5,0.129415488098633
"321","D78E",0.385569179877677,0.438637846964252,1.84202208924204,0.928689781004483,0.74328422098972,1.02431084923921,0.867640623615634,5,0.263158413725498
"322","D78S",0.0567733191543641,0.399651098271199,0.0484045934798889,0.0484045934798889,0.0463987319924816,0.582004065565205,0.119926467275564,5,0.0699540113294478
"323","D78T",0.188051476686089,0.128117979640871,0.160331568029932,0.160331568029932,0.162073091041337,0.282050688950505,0.159781136685632,5,0.00950690970263441
"324","D78N",0.512456114715718,2.15426002606515,0.882872747615861,1.2915945887604,2.67611800130682,0.889493561145628,1.50346029569279,5,0.400672662712645
"325","D78Q",0.457898060501078,0.745731029743168,0.102844660792467,0.102844660792467,0.735299417204708,0.203680665445877,0.428923565806778,5,0.142780873624423
"326","D78C",0.712734757510295,0.656386266085461,0.661549991066454,0.607673405574017,0.614273959864289,1.06900159965412,0.650523676020103,5,0.0189424864321383
"327","D78G",0.155615864798717,0.569450875688478,0.0381008632071773,0.520471803300675,0.996482503065714,0.504351937510591,0.456024382012152,5,0.169413601132834
"328","D78P",0.244681755012213,0.210757518037477,0.208614205752343,0.208614205752343,0.52294142147499,1.20267630738816,0.279121821205873,5,0.0613394005743461
"329","D78A",1.71078478663103,1.83451587968109,1.1647912390518,0.716256101035118,1.30715555254684,1.34573918971356,1.34670071178918,5,0.200329245830307
"330","D78V",0.426499581428648,0.4323826293918,1.3614984988906,4.5261657385093,0.488187893330264,0.617890143135169,1.44694686831012,5,0.789897534707106
"331","D78I",0.0863280903293435,0.058814643278301,0.0736028152048917,0.0736028152048917,0.226086519778761,0.25987930887278,0.103686976759238,5,0.0309084284090558
"332","D78L",0.0897890564169732,0.102936659603839,0.0487991490442336,0.108852436724451,0.351573740967011,0.890935098796755,0.140390208551301,5,0.0538262401264885
"333","D78M",0.486305914024945,0.331316362361178,0.414621523382147,0.414621523382147,0.419125146298496,0.729390273921668,0.413198093889783,5,0.0245851109173143
"334","D78F",NA,NA,NA,NA,NA,NA,NA,0,NA
"335","D78Y",0.344564629258074,0.28813917407416,0.353994836161476,0.225625669739944,0.975561932023796,1.84842757066071,0.43757724825149,5,0.13644048089254
"336","D78W",0.102126662998074,0.335081683290124,0.0545131089147425,0.087560653275401,0.632944075613984,0.424008988176672,0.242445236818465,5,0.109560000774065
"337","A79_",0.599844909147784,1.50492441684903,0.882157714628178,1.25960019670524,0.712044610030176,0.53650359196997,0.99171436947208,5,0.170136250996484
"338","A79R",0.513920517337782,0.822827751028286,1.14932235794577,1.41894968867403,1.17468782450724,1.32219708853866,1.01594162789862,5,0.157277531139098
"339","A79H",1.47215573021413,0.721637657261725,0.917535361977167,0.989442263580873,1.11341256939991,0.628694232988059,1.04283671648676,5,0.12470284665002
"340","A79K",0.33312078165106,0.583088103396802,0.357346138916745,0.257134521316892,0.657188183985431,0.219566276869068,0.437575545853386,5,0.0772366927269323
"341","A79D",1.39196815853053,1.37620648276133,1.65985032840327,1.60416584729276,1.03405031035655,1.51386674543872,1.41324822546889,5,0.110199393435672
"342","A79E",0.346359915403835,0.298251762340239,1.4678520050741,1.38196870846143,0.672149905810858,0.277860037156387,0.833316459418092,5,0.250304835440732
"343","A79S",1.49365020168784,0.956291594685745,1.27064187218224,1.08421261381024,0.985832486434908,1.15797968555401,1.1581257537602,5,0.100280028433904
"344","A79T",1.25700019453278,0.876704434985119,0.892166074805774,0.997709746012508,0.927148021867315,0.922465430979081,0.9901456944407,5,0.0698949823148672
"345","A79N",0.238610622448116,0.520490498073681,1.31660874035004,1.78960273438834,0.942236689876948,0.613545231167481,0.961509857027423,5,0.27652177706034
"346","A79Q",0.200266094997819,0.749802076882452,0.986834114346183,0.837564719507774,0.958062626344197,0.700641578161171,0.746505926415685,5,0.143037477087878
"347","A79C",1.00648915265493,0.757353802299564,1.39737811859669,1.80351760402903,1.00418719446813,1.04372726616586,1.19378517440967,5,0.183674067164808
"348","A79G",1.15100923724323,1.23804778215694,1.19336189600131,1.31163240186914,1.24439368531518,1.1459134620548,1.22768900051716,5,0.0269174494352549
"349","A79P",0.267613551529555,0.346157039852122,0.786210230363952,0.557087843239475,0.745909489018853,0.841366988867036,0.540595630800792,5,0.103700985101259
"350","A79A",0.924243327783031,0.872402661799894,1.04318103116068,0.969769164792176,1.22914356448348,1.22605551503834,1.00774795000385,5,0.0620504949410102
"351","A79V",1.12282087561573,0.902510538371146,0.798331879969961,0.829698688081093,0.79451821022062,1.00565792512869,0.889576038451709,5,0.06144804293234
"352","A79I",1.36319794697618,0.983164697439307,1.28316277990489,0.911326096901621,1.00627399138641,0.632871948702744,1.10942510252168,5,0.089557382379316
"353","A79L",1.13440513142442,1.33884452687028,0.754125207158094,0.8577107712197,0.912071037752954,1.28192211612055,0.99943133488509,5,0.105192888691889
"354","A79M",2.13323842394704,1.42523621268532,0.965645546163304,0.561254179143167,0.632046898928633,1.13919551792532,1.14348425217349,5,0.290790656433953
"355","A79F",1.37582425885786,0.955705885838763,1.36746070636928,1.30324445879903,0.750785250807611,0.540357908658981,1.15060411213451,5,0.126271614559453
"356","A79Y",0.111039354806204,0.35203971495708,1.77247792912308,0.851629438903439,0.482095967167523,0.51596354569824,0.713856480991464,5,0.290488687727238
"357","A79W",0.605844976256287,0.692041226908168,0.689570910045847,0.62098217751035,0.741727344014565,0.728616736747829,0.670033326947043,5,0.0250322357399214
"358","N80_",1.33790274458311,1.56081284539613,1.89253734692663,0.668319012801265,1.20909859860393,1.23897481223605,1.33373410966221,5,0.202750394508128
"359","N80R",0.482954686412406,0.347631418746952,0.494580180833247,0.557257549895678,0.551029497951686,0.573927011382933,0.486690666767994,5,0.0377709191270351
"360","N80H",0.405785910437971,0.464837575098165,0.171031312028029,0.223858911127844,0.694658700862271,0.746519742759962,0.392034481910856,5,0.0933263718802407
"361","N80K",0.726766534726276,1.00047169452908,1.37325347271989,0.894265060449521,1.17462035847162,1.25977174339149,1.03387542417928,5,0.111783122419386
"362","N80D",0.505535921051019,1.03737502954484,1.25578051373887,1.13380883374798,1.02195292194264,1.0429880461582,0.990890644005068,5,0.12831350715152
"363","N80E",0.108262832458636,0.646686128010253,0.710305672487013,0.764210078541946,0.590770631898118,0.80048040442517,0.564047068679193,5,0.117630659832062
"364","N80S",0.915458926396179,0.977326899620173,1.3633828114169,1.2369121559531,1.0628194861074,1.13456681935858,1.11118005589875,5,0.0830593051876392
"365","N80T",0.763436170617656,1.28448267316579,1.3627165400611,0.944740484437583,1.08791144790457,1.34649562768228,1.08865746323734,5,0.109530231655912
"366","N80N",NA,NA,NA,NA,NA,NA,NA,0,NA
"367","N80Q",0.407247907296356,0.160151753759465,0.641470260488915,0.554957369957087,0.610084970815125,0.654238746644144,0.47478245246339,5,0.0883382718785111
"368","N80C",0.22456691681667,0.623713154994927,0.72518170211514,0.752684867333418,0.72239445364511,0.709715742139045,0.609708218981053,5,0.0987432518275518
"369","N80G",0.527661812011805,0.485060756615889,0.505789084021994,0.470587739140979,0.696445342166602,0.584477904525183,0.537108946791454,5,0.0409831393492602
"370","N80P",0.677938472677962,0.48492494158853,0.83140214065277,0.544582340980058,0.733323829506966,0.4439733738929,0.654434345081257,5,0.0628070442362906
"371","N80A",0.219595210486086,0.797507402302329,0.629943632545634,0.408611296195594,0.717066483078496,0.590938975283423,0.554544804921628,5,0.105975686500631
"372","N80V",0.46102185561754,0.524212573523394,0.560025595740162,0.564744203893717,0.659005742619837,0.621109244280628,0.55380199427893,5,0.0321791716658881
"373","N80I",0.463859893900257,0.399379928725343,0.63881575285918,0.368402138095806,0.660955770021397,0.472501128478831,0.506282696720397,5,0.0607156137351062
"374","N80L",0.341922851618835,0.540789449400009,0.415775183350951,0.529728767339029,0.498878206318005,0.731597103009589,0.465418891605366,5,0.0378495551504893
"375","N80M",0.536013090596855,0.441534552216753,0.322450932861195,0.281338307269615,0.726684291516523,0.578989917430322,0.461604234892188,5,0.080020732475305
"376","N80F",0.164632966076884,0.463336817460309,0.50892799150794,0.548681660834798,0.81520747543425,0.882048927577724,0.500157382262836,5,0.103831709572288
"377","N80Y",0.755277591823892,0.712980656809889,0.568139786352094,0.424424353104302,0.972108900522027,0.74402005399187,0.686586257722441,5,0.0921131841942783
"378","N80W",0.219170728253435,0.309195314235873,0.371138758523166,0.363679717051622,0.391296079626227,0.396654406063377,0.330896119538065,5,0.0310611312137332
"379","G81_",3.04777957843565,2.95837226207413,1.61599915081531,1.40849367267812,1.71431794183412,0.714514168910591,2.14899252116747,5,0.352439796750804
"380","G81R",0.103696976520369,0.132643403325319,0.741425893766117,0.605754429705338,0.733282908112453,0.432834002408856,0.463360722285919,5,0.143036035491572
"381","G81H",0.310250829062655,0.31943287341694,0.0461772156952905,0.043210160877331,0.198497165004743,0.191276576066146,0.183513648811392,5,0.0605422244472598
"382","G81K",0.212334398740487,0.261086119119883,0.158386586089784,0.0645834402694301,0.741612715916152,0.339514345666251,0.287600652027147,5,0.118094863366725
"383","G81D",0.165479831814201,0.202566066665266,0.630106592538852,0.673153569308528,0.856036353162407,0.864179072367718,0.505468482697851,5,0.136728368465817
"384","G81E",0.711077924078701,1.15443262498538,0.90771072983102,0.148183028023479,1.06585438357266,0.972247578243479,0.797451738098248,5,0.178975231888207
"385","G81S",0.563247942686434,1.01141209476229,0.61915358032169,0.65990114789113,0.697006249679943,0.847893796468467,0.710144203068297,5,0.0785229640680051
"386","G81T",0.0394038325259907,0.345213408103395,0.125290014968289,0.0636130947372642,0.339223166364145,0.676100813460371,0.182548703339817,5,0.0666788512077773
"387","G81N",1.05844249137637,0.27255327270324,0.119844627733624,0.0196663078652411,0.985459948123577,1.30871471313988,0.49119332956041,5,0.220693471449252
"388","G81Q",0.0754248333292329,0.129274189477497,0.30416219825951,0.255311907028576,2.7309931230489,1.89085547584071,0.699033250228743,5,0.509665848756909
"389","G81C",0.172640994275531,0.363576878963143,1.03634977689262,0.458898744366025,0.649906108974707,0.687342402283011,0.536274500694405,5,0.146803989638327
"390","G81G",0.548034338761401,0.934576187214867,0.856331247848782,0.817192892668461,0.989723606502297,1.24809356387833,0.829171654599162,5,0.0764219763403107
"391","G81P",0.0858371383603375,0.0845326821380773,0.27185162706149,0.198000194003635,0.229450319302814,0.907934671538096,0.173934392173271,5,0.0380806760428062
"392","G81A",0.173047633184531,0.447888417614248,0.640598931770563,0.622693067411468,1.20457232577943,2.20746201847541,0.617760075152049,5,0.169044387861
"393","G81V",0.663418496871335,0.615330728206606,0.451407986248394,0.603164144121749,0.695255219245402,0.530492601312519,0.605715314938697,5,0.041986169151753
"394","G81I",0.103856232612273,0.208908891962564,0.218986743460753,0.863584055707758,0.700984149652157,0.267267604331419,0.419264014679101,5,0.151761138852642
"395","G81L",0.201387193569426,0.171112927795066,1.20609410211154,0.7252562393336,0.634368642498843,0.507479343425649,0.587643821061695,5,0.190564071122917
"396","G81M",0.0349147191822054,0.0566081266045935,1.69657345389522,1.58446835749281,0.802459259072848,0.520685574423164,0.835004783249534,5,0.357148491540626
"397","G81F",0.373924610710009,0.427270350188191,0.176618307380852,0.150870005839375,0.851705151375373,0.406652869504236,0.39607768509876,5,0.125966137021424
"398","G81Y",0.207253078008597,0.171337806475512,0.0584905763753247,0.036399873278934,0.3716396390387,0.432130856860813,0.169024194635414,5,0.0601359750961861
"399","G81W",0.114380409209511,0.363269785169993,1.00773670623118,0.895628565343003,0.4807273274461,0.310057568950281,0.572348558679957,5,0.166720726247633
"400","D82_",0.377333519143978,2.45975687388858,0.16564478698735,0.257706615226119,0.181105587008017,0.230451755070908,0.688309476450808,5,0.444442623692005
"401","D82R",0.229511516853471,0.328690786964322,0.381974855097764,0.260942218612159,0.31200929732734,0.144354730319664,0.302625734971011,5,0.0265959822809546
"402","D82H",0.192869972029994,0.535106886908527,12.4474019944899,1.58714321186881,1.00257375201391,0.942306313332945,3.15301916346224,5,2.33535739338081
"403","D82K",0.129627827819752,0.0975399763340299,0.110519913275386,0.110519913275386,0.111720381620781,1.27295006134493,0.111985602465067,5,0.00512001494861547
"404","D82D",NA,NA,NA,NA,NA,NA,NA,0,NA
"405","D82E",0.34664220906989,0.258831096544269,0.176593311625327,0.184152504837649,0.92281725229005,1.0838689779946,0.377807274873437,5,0.139669555878086
"406","D82S",0.714780728592814,0.122823681699925,0.299051389972225,0.34052337891106,0.159032281501163,2.13353406896939,0.327242292135437,5,0.105175741008208
"407","D82T",0.0812878050902524,0.75105530180243,0.0693054980556594,0.38373953519472,0.487718189089091,1.37439999419062,0.354621265846431,5,0.128809719658466
"408","D82N",0.222256630045889,0.783926728383705,0.126333637288496,1.85541901596402,0.725596353002552,1.19006345082338,0.742706472936933,5,0.307482079198422
"409","D82Q",0.240833918309547,0.164078238504447,1.19685345954479,0.205333563116968,0.541448250155004,0.845587689872477,0.469709485926152,5,0.193594153072422
"410","D82C",0.115639904712925,0.0646225605047111,0.41915957092176,0.0808710571683431,0.227918473663868,1.18921928932546,0.181642313394322,5,0.0658637674416297
"411","D82G",3.29681928048029,1.30881077771009,0.454731228854767,1.42166423758588,0.656594336771802,0.46392385540017,1.42772397228056,5,0.502446521178169
"412","D82P",0.684112736354784,0.466080581620054,1.31941331465998,0.959280973434668,0.549162277976497,0.318851259745105,0.795609976809196,5,0.155389165816443
"413","D82A",0.407742106854664,0.563952099524067,0.0904111635700202,0.0430681443696254,0.436848115050605,0.439441502206356,0.308404325873796,5,0.102370594985163
"414","D82V",0.530086043096302,0.970270218444824,0.680568418051008,1.75568554069286,0.817153289470489,0.55144159863853,0.950752701951096,5,0.214021797545107
"415","D82I",0.178812688745893,0.240034915939883,0.144516466597881,4.5375076978054,0.331407732131415,1.38755141539683,1.08645590024409,5,0.863346709738574
"416","D82L",2.43869754477848,0.653991781476052,0.047231913086264,1.68456924394999,1.43429308483195,1.21544809445973,1.25175671362455,5,0.414588811902766
"417","D82M",1.48781605504777,0.476082758939708,0.935333226623708,0.366790862253133,0.152393793957995,0.637270898290471,0.683683339364462,5,0.238300704393677
"418","D82F",2.31263943247507,1.97461840574752,3.0069727946575,3.75539348618858,2.40785252957604,0.980109922786931,2.69149532972894,5,0.313791560697196
"419","D82Y",0.462669344262723,0.481071078378701,0.367312706589245,0.433052550123263,0.986664655604476,2.84998659164614,0.546154066991682,5,0.111810388230354
"420","D82W",1.4760693053089,0.245783421682573,0.0741545892315132,0.0741545892315132,1.10124773927799,1.08903205680591,0.594281928946499,5,0.291297049295072
"421","V83_",1.1219694570505,1.24798432861139,1.633602972974,1.36603003628471,1.24934756922761,1.86850123388905,1.32378687282964,5,0.0865413212603766
"422","V83R",0.217234632772298,0.174527595726012,0.620715526846542,0.514098430673815,0.557559974478961,0.544467857551453,0.416827232099525,5,0.0920282964846948
"423","V83H",0.187910558913247,0.0553458017746891,0.664479883797844,0.211458255114058,1.07392514609995,1.51632407167074,0.438623929139959,5,0.18920651533549
"424","V83K",0.147251079340028,0.746789573168144,0.692060420367522,0.88635670270075,0.698363608914839,0.56976446059735,0.634164276898257,5,0.126657699451789
"425","V83D",0.110390566229476,0.0781607162580251,1.39902443172622,0.793302159283022,0.275932032659776,0.132892472994437,0.531361981231303,5,0.251922960677056
"426","V83E",0.202970850847024,0.285573606263799,0.239124550070696,0.134582492869727,0.216523197402088,0.245543986670085,0.215754939490667,5,0.0246716174598832
"427","V83S",0.491680480324179,0.334173454607776,0.258562389654416,0.15905392371636,0.534017891895288,0.322694041773939,0.355497628039604,5,0.0703052429215088
"428","V83T",0.373189473378044,0.0587760909949393,0.197957155065484,0.191002261389009,0.417340765582597,0.249365910800026,0.247653149282015,5,0.0655388487390234
"429","V83N",0.394172839628135,0.100471257533635,0.279694472762664,0.0543739945147386,0.819616139996286,0.533830882655142,0.329665740887092,5,0.136935266427901
"430","V83Q",0.0917490552318488,0.654401867156291,0.568765360507991,0.0823372060508418,0.586094123255441,0.637715059838867,0.396669522440483,5,0.127221443718498
"431","V83C",0.0287881480719993,0.3215766848128,0.0550918556626879,0.234275864052135,0.386351362669335,0.501702988709555,0.205216783053792,5,0.0710135022105151
"432","V83G",0.361954752338505,0.3905657212442,0.642241845998314,0.917375537106592,0.718481505009636,0.681667127964127,0.606123872339449,5,0.104136981933996
"433","V83P",0.0319717841822326,0.173905256848711,0.087810664467526,0.116466929339774,0.374269095065782,0.477423086087171,0.156884745980805,5,0.0589719126710022
"434","V83A",0.376910434073502,0.389774262314247,0.638941140889304,0.565163476199477,0.628574294976548,0.509476967304656,0.519872721690616,5,0.0571875850784576
"435","V83V",0.244424565409113,0.379588957391497,1.52102793561055,1.11993049889368,0.868226600499359,0.934521998682411,0.82663971156084,5,0.235451992365394
"436","V83I",0.881347421909343,1.01136690038384,0.789416136164102,0.384749454567149,1.10711405847455,0.864576727926824,0.834798794299796,5,0.124920508279116
"437","V83L",0.565376528715413,0.548445766975701,0.29107615358434,0.5527342411729,0.752156604210671,0.868237485545442,0.541957858931805,5,0.0734274472027618
"438","V83M",0.518220646513562,0.519547293899163,0.417626771865062,0.730787203890458,0.947483367499458,0.8799952246174,0.62673305673354,5,0.095051879701198
"439","V83F",0.331091083128664,0.520465545967323,0.821965055816457,0.321221198887364,1.24374406480093,0.665714694125685,0.647697389720147,5,0.17444985768702
"440","V83Y",0.076395524203422,0.46794755496296,0.331170602214635,0.0362913145625788,0.664758389949836,1.32092389373453,0.315312677178686,5,0.118447353845233
"441","V83W",0.129422231108474,0.417142016763665,0.271461947608463,0.277192034497775,0.743743954008218,0.904529428931199,0.367792436797319,5,0.104423004012616
"442","D84_",0.785905568916994,0.820666322036364,0.578975779156724,1.1458335320741,0.82997689698237,0.544640965703368,0.832271619833311,5,0.0907660771102438
"443","D84R",0.0624237231998117,0.320248091658321,0.488106622388906,0.577070984436509,0.624567637012914,0.306748688438886,0.414483411739292,5,0.10218042804178
"444","D84H",0.214231509649513,0.289695708961546,0.812912122149465,0.703630425093292,0.807748555200898,0.48177078309706,0.565643664210942,5,0.130083548362424
"445","D84K",0.78268515704088,0.603804169721272,0.535351659384865,0.524309531680554,0.45445758046222,0.679699469054667,0.580121619657958,5,0.0559033268727468
"446","D84D",0.91481998809899,1.12416529175056,1.02015012538781,1.53976199966931,1.323098724836,1.46564683207566,1.18439922594853,5,0.111534548746492
"447","D84E",0.742301030832551,0.79007373343282,0.566058543640744,0.694072649604822,0.547487522694925,0.834935668405947,0.667998696041172,5,0.0479675621314933
"448","D84S",1.22854264631366,0.993873678804393,0.701031901826588,0.849773683849713,0.852708023699134,0.76774403896625,0.925185986898698,5,0.0888617989593846
"449","D84T",0.877647680115856,0.37174012428425,0.743973259546917,0.847269910600416,0.532306802412005,0.332514841987611,0.674587555391889,5,0.0969090721221148
"450","D84N",1.23389690132741,1.08471773880771,0.729700311518671,0.859132971523695,0.977562294399619,0.858019239569296,0.97700204351542,5,0.0873639564249405
"451","D84Q",0.163167367783116,0.204652303560616,0.103421326202029,0.0309332039078171,0.921306308246284,0.467034893194176,0.284696101939973,5,0.161818563581971
"452","D84C",0.925221867250856,0.520277628732561,1.29124483164792,1.28044124345769,0.832666726684189,0.812209879378733,0.969970459554643,5,0.145376704373054
"453","D84G",0.561130204177101,0.592618851028583,0.796978266596795,0.794896744978028,0.840116279820376,0.650584629258934,0.717148069320177,5,0.0580465322863963
"454","D84P",0.0287384385174238,0.055065103060793,0.129637007890024,0.123662266217022,1.10324305837149,0.7157147016239,0.28806917481135,5,0.20471714288092
"455","D84A",0.587018011224951,0.650201987104168,0.66187110869126,0.979434811346157,0.815506538428555,0.882265772275777,0.738806491359018,5,0.0709205328456414
"456","D84V",0.574438485232963,0.461451512451026,0.423687414281036,0.6070582016409,0.682302580884715,0.64306602333483,0.549787638898128,5,0.0475143816732183
"457","D84I",0.0307197426083726,0.111397604903543,0.0461649917299564,0.0281307000250766,0.378884166007003,0.21819133189432,0.11905944105479,5,0.0666907528968317
"458","D84L",0.335930248178864,0.393516876009259,0.407518858898741,0.501142909807373,0.547748733258612,0.559178225646239,0.43717152523057,5,0.0383108745516419
"459","D84M",0.0293199227613469,0.0639679226781163,0.0127669301821503,0.211413017087319,0.426116453482878,0.641368280734111,0.148716849238362,5,0.0777179956620797
"460","D84F",0.409711351225797,0.153291370954507,0.802852886490836,0.156068434516662,0.683355722380728,0.718399234400038,0.441055953113706,5,0.133156866844489
"461","D84Y",0.890352572040014,0.396207840806039,0.3156382548834,1.2722384311514,0.526897702822336,0.301410957777799,0.680266960340637,5,0.177726192763316
"462","D84W",0.0949732837074558,0.443860046066845,0.226189205779759,0.374338118296844,0.728786711461917,0.409055287819389,0.373629473062564,5,0.107344632803035
"463","V85_",1.13843819109091,1.47799602937388,0.0768953795058215,0.739834498863491,1.08542538562682,0.908023998620253,0.903717896892183,5,0.237528929272225
"464","V85R",1.16373282251109,1.16691403819098,1.00739231180047,1.00368096170808,0.926221560305444,0.873117706227343,1.05358833890321,5,0.0478652467335408
"465","V85H",0.22941419286906,0.0605903822862482,0.896935900833416,0.58423735799757,0.678588872105704,0.686507981025961,0.4899533412184,5,0.152042895508062
"466","V85K",0.0883791390450851,0.0836380576795997,0.215572384067484,1.72693133569821,0.209944662982883,0.774317064986188,0.464893115894652,5,0.31678211781787
"467","V85D",1.06551633904298,1.49314514903199,1.93269119570044,1.22965320286038,0.900032553151188,0.371247852093865,1.32420768795739,5,0.180911353235858
"468","V85E",0.523282460962299,1.63696262295695,2.20048828804585,1.12284650563282,1.23746289155846,1.53559260819046,1.34420855383128,5,0.278678611573082
"469","V85S",1.00409985116156,1.07697802841622,0.734468763875063,0.775901377457852,0.913158868213411,1.24562915524504,0.900921377824821,5,0.0652410802068136
"470","V85T",1.25882335007897,1.25401763380738,1.19858960846534,1.14521174479458,0.7996834392332,1.17789242522959,1.13126515527589,5,0.0854437791232698
"471","V85N",0.105521612120889,0.146011484812343,0.0899670974699661,0.385195048103288,1.57555951544333,0.744590935957206,0.460450951589964,5,0.283834094202553
"472","V85Q",1.60076944720162,1.13226562157531,1.87096216670214,1.96718246243747,1.41382441502751,0.626334502246958,1.59700082258881,5,0.151926934812268
"473","V85C",0.609741298224577,0.719880814478237,0.126111419675514,0.408887944268712,0.763156254019875,0.713127696677692,0.525555546133383,5,0.117147468313909
"474","V85G",0.61819851574839,0.76401770822645,0.958314857834658,1.02841745752696,1.06378997787098,0.897166314096343,0.886547703441488,5,0.0847694702360019
"475","V85P",0.590143449673446,0.73688581188315,0.305415589089735,0.581140080126702,0.921581979536048,1.20032172669229,0.627033382061816,5,0.101422753769075
"476","V85A",1.00183695393236,0.91597775047761,0.72600291419949,0.902574645830236,0.796728511796579,1.19048885201366,0.868624155247254,5,0.0482961957460287
"477","V85V",0.752492738681792,1.47760835890405,0.893042462101061,1.15411846658843,1.48781939029454,1.35391771099697,1.15301628331398,5,0.149241389753053
"478","V85I",0.0649596995552089,0.424325417625557,0.105344485655705,0.690489071343267,0.332748364013578,0.269782342040825,0.323573407638663,5,0.113878699503285
"479","V85L",0.857961736153606,0.969487673266876,0.956999813963065,0.972621598149522,1.00269805907702,0.919505846338193,0.951953776122017,5,0.0246673313761147
"480","V85M",0.136369371341701,0.217447955795029,0.117247233675032,0.107693676124365,0.200850507476438,0.172089739858751,0.155921748882513,5,0.0223696536426364
"481","V85F",1.18059824769684,1.01641465225803,0.515421158584593,0.874335166125527,0.991298361375189,1.53846548969126,0.915613517208037,5,0.111347159376629
"482","V85Y",0.589374655849108,1.82699036329531,0.222829204422867,0.18852586785419,0.470403653526464,0.218545974890199,0.659624748989588,5,0.301347530235296
"483","V85W",0.245076163291324,1.08300472910584,1.6126467183825,1.55118095310034,1.18870283984133,1.15357879745151,1.13612228074427,5,0.244836538743649
"484","E86_",0.504652862447664,0.840136268969723,1.72531688404855,1.31326376438219,1.52464877099281,2.29063117521804,1.18160371016819,5,0.224220958287915
"485","E86R",0.962123607763051,0.722410314067977,0.916563994085868,1.10302616289548,0.796014068509635,0.939757841958119,0.900027629464402,5,0.0662210306632461
"486","E86H",0.742654729885146,0.991215046142871,0.155021815417768,0.349982786580758,1.00276006084,0.678526746633312,0.648326887773309,5,0.170946190692534
"487","E86K",0.234019029416227,0.873256809370976,1.91277838369236,2.11267432317926,1.58411055081678,2.08069648408677,1.34336781929512,5,0.348258312880237
"488","E86D",0.853878766555299,2.29032278424216,0.810642706254445,1.18721001087841,1.18613220156711,1.85603019676777,1.26563729389949,5,0.268236594462295
"489","E86E",0.804698936868811,1.6519405555471,0.882505241642773,1.2033562969205,1.63478706220343,1.71506982362242,1.23545761863652,5,0.179454863188048
"490","E86S",0.064856217626837,0.286157940056511,0.331752161436877,1.07745250993691,0.887977009389584,0.944275934630322,0.529639167689343,5,0.192739595420971
"491","E86T",0.663383896646349,0.545467562420455,1.50232952791005,0.177402102973415,0.824585686994082,0.240399989396136,0.74263375538887,5,0.217772318550022
"492","E86N",0.951563867911403,0.608595649890712,1.49117959072412,2.03319748224084,1.22571394302424,0.764172609545826,1.26205010675826,5,0.242063353653993
"493","E86Q",0.170313006255204,0.205690637527639,0.33878977206345,0.37761955084469,0.425479998110113,0.988000465914433,0.303578592960219,5,0.0494588776532641
"494","E86C",0.367190715512844,1.56349014786099,0.183524532917103,0.339108521512163,0.787254934950009,0.769975937199181,0.648113770550621,5,0.249751811032296
"495","E86G",0.993719134519094,0.856615388292585,0.362071127164359,0.624580497364016,0.808480727663981,1.00911087110317,0.729093375000807,5,0.109137363042252
"496","E86P",1.24852019217391,0.319425239980722,0.189753691972866,0.0337205961966076,1.03135837629726,0.779349671117827,0.564555619324274,5,0.241667494735366
"497","E86A",1.30234299833761,1.24226193200483,1.08009827862188,0.972947690033149,1.65668085174487,1.51838176721336,1.25086635014847,5,0.117006368826556
"498","E86V",0.696036509749985,0.644064891239427,1.79630679653484,0.923076081577459,1.16142461364633,0.855603976235778,1.04418177854961,5,0.2092131887093
"499","E86I",0.445279624701601,0.0725923528037243,1.39769502541182,0.665812642101177,2.54795768944041,1.8088647215508,1.02586746689175,5,0.437633953284406
"500","E86L",0.968753381264265,1.21960147171341,1.70785691247526,1.44490430889859,1.54576307920941,0.659097127856011,1.37737583071219,5,0.129227930567704
"501","E86M",0.195080112765657,0.0530038969824945,0.16702741197535,0.129237504936101,0.189669804150702,0.208613747083452,0.146803746162061,5,0.0261573007932546
"502","E86F",0.21634339377253,1.04495496171272,0.955545105210471,0.208208668528469,0.732073009097245,0.380591452190149,0.631425027664287,5,0.178549110418339
"503","E86Y",1.02277058198394,0.499749653500387,1.05681178526087,0.960548305191741,1.1369728596507,1.25420519739346,0.935370637117526,5,0.112567694142804
"504","E86W",0.275176096002862,0.729407737798269,1.11497975792451,1.64704605425634,0.635476317022577,0.818046320347965,0.880417192600912,5,0.233651030551373
"505","E87_",1.42312621276596,1.44006979268095,0.994822807397224,0.77054966955695,1.72885386913431,1.27498938085657,1.27148447030708,5,0.17147599632107
"506","E87R",0.267204158699019,0.22585245476217,0.258805545227265,1.22086235806876,0.854329577046488,0.856985704309964,0.565410818760741,5,0.20141060767692
"507","E87H",0.0400682099410225,0.0859037070964175,0.278796468028424,1.76463473673819,0.851236577564299,0.190175224629711,0.604127939873671,5,0.324067817387992
"508","E87K",0.377502428528552,0.602886701723867,0.424554282345721,0.864092436342166,0.634525891076139,0.484847855244437,0.580712348003289,5,0.0864209137566744
"509","E87D",0.431421776817648,0.330841037706604,0.45278141807728,0.310384936914639,0.518685150967516,0.643005387835074,0.408822864096737,5,0.038912708820997
"510","E87E",0.403260532332011,0.360137968966166,0.910723299087834,0.792716479948004,1.66370876304685,2.01203846377816,0.826109408676172,5,0.235135900218655
"511","E87S",0.247765746588704,0.259013414591305,0.698046185624668,0.649785734883772,0.786528816777155,0.49368332077294,0.528227979693121,5,0.114339271383892
"512","E87T",0.0954437562492858,0.559531427567248,0.493882555969141,0.371260794058851,0.552975286544086,0.713878681624041,0.414618764077722,5,0.0866537810023486
"513","E87N",0.713786185953116,1.06190847629521,0.89178718563644,1.22024926741209,0.902864533423583,1.01466436169223,0.958119129744088,5,0.085625937126714
"514","E87Q",0.254704818161856,0.437038483581468,0.110671248633159,0.158753200173378,0.574960130329521,0.582913533408944,0.307225576175876,5,0.0871691638570967
"515","E87C",0.310777571195104,0.414142644492914,0.226562637281943,0.243073640122022,0.667604991700656,0.564746550310035,0.372432296958528,5,0.0808330370994556
"516","E87G",0.397165496514632,0.456136799933992,0.247115448676938,0.461694959369911,0.661956658236844,0.558362292215719,0.444813872546464,5,0.0666780337492445
"517","E87P",0.0274259854063814,0.231492099525604,0.417711255816243,0.26887027991883,0.807269351450429,0.817183964445554,0.350553794423497,5,0.130068960429676
"518","E87A",0.885552234188478,0.388125891462796,0.521023914796713,0.347965192139113,0.823324666169141,0.633548292880391,0.593198379751248,5,0.11086750629817
"519","E87V",0.510273986112914,0.577569453500135,0.569137872275319,0.629493294615986,0.661319945200351,0.610540526132569,0.589558910340941,5,0.0260684351777964
"520","E87I",0.389633052115741,0.621854081345211,0.588476084550321,0.834169386769342,0.836271119301513,0.756977486822636,0.654080744816426,5,0.0839346063841654
"521","E87L",0.117308364518076,0.266214351635065,0.135514901995403,0.327399747519773,0.529358174959551,0.499416404447086,0.275159108125574,5,0.0747808866674566
"522","E87M",0.0928473518985242,0.174845323049275,0.0725106423419897,0.534193953026224,0.713544994308785,0.649557162169866,0.31758845292496,5,0.129353550820258
"523","E87F",0.388179816556054,0.441538874408912,0.546732042084174,0.55752430499686,0.74466142099316,0.673392344866084,0.535727291807832,5,0.0611928917752404
"524","E87Y",0.18382319174426,0.643587508529017,0.568957038170644,0.385298221606314,0.93564162832377,0.788329022115561,0.543461517674801,5,0.126260807161189
"525","E87W",0.0300785221292134,0.242905926315691,0.128079483195133,0.296576568669254,0.628575228916843,0.46604266591371,0.265243145845227,5,0.101884053695959
"526","S88_",1.89846242568322,2.11170477148077,1.59222184234539,1.86394262081151,1.45438991800194,1.25787517331773,1.78414431566457,5,0.116684285690035
"527","S88R",1.45697944875918,1.10704655003482,1.07080668768266,0.942108959390739,1.19555897002909,1.21191822667338,1.1545001231793,5,0.0858912133203273
"528","S88H",0.575691832045197,1.06627956675393,0.679772132944222,0.583833092034214,0.938066306822713,0.976221575206165,0.768728586120055,5,0.0991399597658733
"529","S88K",0.813762963373417,0.747423980521949,1.07197259883272,0.401158417036103,0.853237806308273,0.769525232428198,0.777511153214492,5,0.108697489086398
"530","S88D",0.127113062566602,0.462572277507402,0.508404340126785,0.545684952599098,0.84942713643149,0.783030708924901,0.498640353846276,5,0.115042020764759
"531","S88E",0.545256724616903,0.665639603838992,1.17507710773735,0.576997150990213,1.16969150155857,0.797534847379516,0.826532417748405,5,0.142567864575313
"532","S88S",1.30054215993695,1.27041929526337,0.831535007240809,0.997178956761063,1.1776699891726,0.8678337886318,1.11546908167496,5,0.0885273060018536
"533","S88T",1.6638018184559,2.35338109391969,1.15813901742541,1.21686821529789,1.50382722934821,1.57091525848781,1.57920347488942,5,0.214566022661578
"534","S88N",0.229507800374208,0.311997537067532,0.955397215346745,0.276422276337293,0.49493388981265,0.599415642161421,0.453651743787686,5,0.133260916924967
"535","S88Q",1.01799626013044,0.0819022677467723,0.282054074897683,0.268954270735372,0.276015677447441,0.24500435473326,0.385384510191542,5,0.162556731440705
"536","S88C",1.37980495979993,1.41451294033914,1.17199931249207,0.995226854994394,1.12820064488634,1.43574676996639,1.21794894250237,5,0.07893225869946
"537","S88G",0.559911644057471,0.694212048125819,0.662057543215629,0.987181169710514,0.690196421654095,0.944984134282991,0.718711765352706,5,0.0713849989339575
"538","S88P",0.459310976683361,0.586781525504048,0.5303582224979,0.598887870491673,0.89824085116036,0.587501290595694,0.614715889267468,5,0.0750613621218264
"539","S88A",0.503358537325651,0.84380365931116,1.39784932761954,1.59410627773135,1.13365144137288,1.63820356261133,1.09455384867212,5,0.194352380009421
"540","S88V",1.52079768927381,1.2774338281532,1.011195849761,1.16122475051269,0.778194191943087,0.996320294567204,1.14976926192876,5,0.124772229839172
"541","S88I",1.25174005004569,0.323812087519287,1.68442745496677,1.53504843464391,0.579235408287197,0.845110974591506,1.07485268709257,5,0.266865989976577
"542","S88L",1.16375658556339,0.781903012468772,0.895104215969742,0.921845913291969,0.954405592990823,0.909750283839784,0.943403064056939,5,0.0622721792704693
"543","S88M",0.159661870896628,0.837021515698533,1.52361678646355,1.90510248253941,1.14110071341822,0.413326102317814,1.11330067380327,5,0.298482779942272
"544","S88F",1.64827093495523,0.890259679490959,0.962529030644849,1.03158779146033,1.60904518482117,1.30696933246267,1.22833852427451,5,0.165067203584096
"545","S88Y",1.31247433446656,1.26031784542232,0.98600550382545,1.03886495385343,0.851954960401173,0.858670859572466,1.08992351959379,5,0.086196884449496
"546","S88W",1.23802010844706,1.19270660561686,0.588845921479851,0.525892978433272,1.05877450620716,1.3745543397515,0.920848024036841,5,0.151615272670942
"547","D89_",1.6562895437844,1.67750933363372,1.67949742495798,1.22901790571166,1.20816470059784,0.947647432324827,1.49009578173712,5,0.110964854862929
"548","D89R",1.02824099682918,0.960070410186498,1.00607651009769,0.742667207896779,0.869847390887415,0.736012028494353,0.921380503179512,5,0.0522893828460745
"549","D89H",1.32450923660599,1.01418466808467,1.4210612040106,1.31201909286558,0.745372257874198,1.06343842096892,1.16342929188821,5,0.124788926013383
"550","D89K",0.858066539079517,1.3299140099018,1.49055938665308,2.01633476238242,1.8490124156835,0.948446697566305,1.50877742274006,5,0.20360783074987
"551","D89D",1.34127394524076,1.30468834360401,1.59892997289739,1.43622603718682,1.60066762774956,1.48062749089089,1.45635718533571,5,0.0623720115001797
"552","D89E",1.0402229405922,1.05879054299046,1.51361568387376,1.58798506164115,1.3155184026009,1.14991517527856,1.30322652633969,5,0.112787842281181
"553","D89S",1.59871181676766,1.20047431785857,0.908168874874541,1.09901979659333,1.01846867362219,1.04857261491147,1.16496869594326,5,0.118564624997626
"554","D89T",1.3218175401359,1.36820077516833,0.788149401902295,0.609284407180575,1.04917421099983,0.811358823805852,1.02732526707738,5,0.147540238966099
"555","D89N",1.95795493157843,1.51779068106279,0.863278510744088,0.908577172753446,1.02399930965704,1.38792086814261,1.25432012115916,5,0.210952374486397
"556","D89Q",1.84185490080074,1.46913012335628,0.921053386868059,1.39810813567501,1.43570521309793,1.00161174781032,1.41317035195961,5,0.146597362883297
"557","D89C",1.41171106851375,0.966266761581864,0.729801822583443,1.24094575284189,1.03780794240031,0.846016806689803,1.07730666958425,5,0.116887484552493
"558","D89G",1.59218639670596,1.21796318640736,0.91699646969599,1.10411738954429,1.0403198604149,1.016434818045,1.1743166605537,5,0.115242547770299
"559","D89P",0.732629630167111,0.531170867855131,0.836939775736285,0.655399715841026,0.265177637173798,0.776035441582136,0.60426352535467,5,0.0983749918621545
"560","D89A",1.20951318021032,1.06700050532678,0.687897642890854,0.85749936180498,0.950218658940897,0.920934508531024,0.954425869834768,5,0.0889360244251494
"561","D89V",0.361180413135383,0.266536869456596,0.386582758290583,0.369091119674195,0.285239646667477,0.231369234795066,0.333726161444847,5,0.0241490984404202
"562","D89I",1.2745590059633,1.52236470337798,1.14868067731723,1.51943622549428,1.36968228750749,1.27118351061758,1.36694457993206,5,0.0719690340504779
"563","D89L",1.17986231928412,1.08974009951469,0.556445032002665,0.761085328523025,1.08447593368346,1.01343921290677,0.93432174260159,5,0.118277847701602
"564","D89M",1.1411827565575,1.01815868069936,0.522994766061959,1.04460907974936,0.907961496837817,0.88540112100418,0.926981355981199,5,0.107610117049211
"565","D89F",1.35812166166658,1.40291919550061,0.993524894459506,1.11096662728241,0.885803328551758,0.976594499224019,1.15026714149217,5,0.10076962159515
"566","D89Y",1.63285913446631,1.21457657144068,1.16413548088736,1.027442675672,1.16615255172899,0.883124104987108,1.24103328283907,5,0.102802917976099
"567","D89W",2.22813488806461,1.65544740027199,0.819408586519195,0.953653686879015,0.8565603307372,1.15199795078709,1.3026409784944,5,0.277065422469645
"568","E90_",2.48377815020874,1.46128939035865,1.60369745274375,1.31804116203924,1.21241562027462,1.09196593044181,1.615844355125,5,0.226802264421557
"569","E90R",0.778216919413914,1.2262122324826,0.697483669635355,0.853655388878868,1.45588416920866,1.32874909953501,1.00229047592388,5,0.145102847772843
"570","E90H",0.939297219165697,0.952050228782074,0.26046411732449,0.655123740830791,1.36724890029483,0.886971038546919,0.834836841279576,5,0.183072987335554
"571","E90K",1.59102009243576,1.35658066963852,0.581927974468646,0.867352303063501,1.66372394004199,1.44954222826638,1.21212099592968,5,0.210283979141414
"572","E90D",2.31093747567096,2.61433988218768,3.12378960466891,2.57382455560936,1.86478577617948,2.13198141588988,2.49753545886328,5,0.205772753662518
"573","E90E",1.12261633461081,3.16219270618733,1.05470692036961,1.34088057965624,1.33672320134672,1.89255943141242,1.60342394843414,5,0.393832749243389
"574","E90S",2.02846303837454,1.58521775409913,1.01683931196737,0.489322887254759,1.28582839685901,1.46901734562645,1.28113427771096,5,0.259596434765141
"575","E90T",1.99596241664137,1.66144758559237,1.21610585157301,0.887440916050693,1.19199327183801,1.37269572945205,1.39059000833909,5,0.195305398500797
"576","E90N",1.51136488976225,0.640183307764425,0.610289500822401,1.01957501993087,0.323668466087224,0.569493078157101,0.821016236873434,5,0.204996093074664
"577","E90Q",1.76989453800282,1.59910563164382,1.07138399648685,1.30034804094177,1.34740910562075,1.2381835717753,1.4176282625392,5,0.121572208270755
"578","E90C",0.434826871985216,1.50166210314312,0.310726999528815,1.10356555703945,0.63299872873291,0.647900508754349,0.796756052085903,5,0.221929949019567
"579","E90G",1.19102436950576,1.03328661247587,0.950397655316158,0.95425061657277,0.975104803580966,0.999324581539638,1.0208128114903,5,0.045058635238646
"580","E90P",0.473412911309726,0.720928047082071,0.538276645283813,1.10711814170537,0.809396588095873,0.790096583229361,0.72982646669537,5,0.112071146953946
"581","E90A",1.89212284213418,1.65629128426213,1.22770081418092,1.2392362669516,1.35103424845952,1.09931106775386,1.47327709119767,5,0.130182964666752
"582","E90V",1.45321048436289,1.52743876077639,1.99134524458782,1.86820628319311,1.28589746019657,1.46333461821429,1.62521964662336,5,0.131791171702874
"583","E90I",1.63200311924039,0.908540183835764,1.8061822605063,1.75180544126322,1.00819404644871,0.742575531091571,1.42134501025888,5,0.191747640587485
"584","E90L",1.91744212339859,1.55970654744874,0.997055926565213,1.73368723704727,1.41738439930783,1.3581259807013,1.52505524675353,5,0.156376432764989
"585","E90M",1.21633381007537,1.33046560429181,1.05970348707737,1.07003538654562,1.16203784934642,1.47782260326667,1.16771522746732,5,0.0500457649248223
"586","E90F",0.624834748035824,0.222734098241075,2.56710029367718,0.311999242979384,1.14314423588525,0.860838902881606,0.973962523763743,5,0.429600985907034
"587","E90Y",0.257426329995712,0.875353593139109,1.30230219178027,0.317751956566757,0.921393336118409,0.923913583778937,0.734845481520052,5,0.197287329079384
"588","E90W",1.43213031061221,0.903893269538613,1.10197724347934,1.9969926582766,1.39820553937163,1.57202495147633,1.36663980425568,5,0.185312000299212
"589","F91_",0.165411084589375,0.726257582908738,0.177283659231721,0.158569583687859,0.927244540485932,0.594283059702765,0.430953290180725,5,0.164706323286632
"590","F91R",0.0578858410225059,0.0894180774712116,0.27918299325846,0.079272523186872,0.193555938380482,0.533702516796954,0.139863074663906,5,0.041969716961661
"591","F91H",0.573823768715315,0.390941582662694,0.145473242868447,0.145473242868447,1.80924786238471,0.487420484923256,0.612991939899923,5,0.30975927774734
"592","F91K",0.35128940022159,0.32362906000552,0.609513601145035,0.485382743564594,1.31673139019204,7.86435632680495,0.617309239025757,5,0.182163569341329
"593","F91D",0.512989710763577,0.112284850935155,0.313440379816503,0.0568300151642481,0.275974147671886,0.360559657308077,0.254303820870274,5,0.0806382096338433
"594","F91E",0.142168841101468,0.0968585039095914,0.121212306441211,0.121212306441211,0.122528915662506,0.455909861394579,0.120796174711197,5,0.00718732103941948
"595","F91S",0.291815467795043,0.336085336209336,0.616846087927305,1.29422082819699,0.927319584711414,1.14185805711568,0.693257460968017,5,0.188481875128583
"596","F91T",0.0878897877712689,0.14120245161075,0.0749343091344513,0.0749343091344513,0.397841625396062,0.36281555248261,0.155360496609397,5,0.0618411626145841
"597","F91N",0.135991264739573,0.105034989827334,0.115945341660176,0.115945341660176,0.117204741060104,0.198111339544854,0.118024335789473,5,0.00500424726168569
"598","F91Q",NA,NA,NA,NA,NA,NA,NA,0,NA
"599","F91C",0.091266296551449,0.0967008049410959,0.165734114164279,0.231010867642188,0.246618600042651,0.365526457872424,0.166266136668333,5,0.0324907625356974
"600","F91G",0.0514776296906296,0.053047232440154,0.308992229446415,1.20862991412167,0.591334933676329,0.235815062491605,0.442696387875039,5,0.215812762249374
"601","F91P",0.0976818102096193,0.263678229804864,0.59571269866599,0.60567683522674,1.07330516485425,0.172588863703312,0.527210947752294,5,0.167781562269892
"602","F91A",0.10650862416107,0.553972297956762,0.0908086180517523,0.635175478148348,0.884837611774611,0.613550610226561,0.454260526018509,5,0.155096414980419
"603","F91V",0.570489209884387,0.910446164450323,0.732874950326385,0.45779519132596,1.7012675283568,1.33992978246222,0.87457460886877,5,0.220336079390703
"604","F91I",0.587153731272998,0.835750513380412,0.9105987836853,0.814659739477236,1.00677300940605,1.10280439903025,0.830987155444399,5,0.0696357274099782
"605","F91L",0.596498552276207,0.40441261990748,0.459255990571657,0.476622877887335,0.735977607586656,0.744368138272517,0.534553529645867,5,0.0593174431319767
"606","F91M",0.205851571132674,0.0482971114564357,1.361574596411,0.121698571564493,0.31998782807614,0.106325697601474,0.41148193572815,5,0.24178592775319
"607","F91F",0.29976076533603,0.367766065181598,0.89318767934675,0.318932334053812,0.372138509418899,0.910135426776342,0.450357070667418,5,0.111577344041628
"608","F91Y",0.689578790169464,1.67664596431637,0.241243000464453,0.354229200603866,0.733381528460297,0.542901683485097,0.73901569680289,5,0.252731534936279
"609","F91W",0.13949584218762,1.26268200982326,2.20994603303326,3.60593248554274,4.31949226947107,0.944906926378909,2.30750972801159,5,0.759455174740766
"610","L92_",NA,NA,NA,NA,NA,NA,NA,0,NA
"611","L92R",0.155214822632827,0.438539780163982,0.13190365886744,0.643004389635775,0.121259708339074,0.62456709273943,0.29798447192782,5,0.104401194816122
"612","L92H",NA,NA,NA,NA,NA,NA,NA,0,NA
"613","L92K",NA,NA,NA,NA,NA,NA,NA,0,NA
"614","L92D",NA,NA,NA,NA,NA,NA,NA,0,NA
"615","L92E",NA,NA,NA,NA,NA,NA,NA,0,NA
"616","L92S",0.265473043066653,0.469429626308944,0.226340734008725,0.226340734008725,1.2371404410946,2.46234731500246,0.484944915697529,5,0.193385493391071
"617","L92T",NA,NA,NA,NA,NA,NA,NA,0,NA
"618","L92N",NA,NA,NA,NA,NA,NA,NA,0,NA
"619","L92Q",0.481150512436445,0.525068568944845,0.702718600833741,0.412025335095355,0.702959468464591,0.672110886341176,0.564784497154996,5,0.0591715723978696
"620","L92C",NA,NA,NA,NA,NA,NA,NA,0,NA
"621","L92G",0.496233253768125,0.33807978019505,0.423085514069371,0.423085514069371,0.427681072932779,0.744279883210318,0.421633027006939,5,0.025086985851715
"622","L92P",0.620783926543397,0.540569292444409,0.46558271962362,0.604387625224749,1.76412649774001,1.43638899863762,0.799090012315237,5,0.242802139080778
"623","L92A",NA,NA,NA,NA,NA,NA,NA,0,NA
"624","L92V",0.920929296475917,2.64552985134877,1.18606065972428,1.07672365417529,1.90302360058998,1.40479278959642,1.54645341246285,5,0.322251510415682
"625","L92I",2.29472792990298,0.956355274563527,0.476499163467023,1.10155241246863,0.900638562130528,1.84523664992542,1.14595466850654,5,0.305446407893383
"626","L92L",1.12391329309366,1.17681654096217,1.32909195257412,1.54139887913516,1.57934159751582,1.94382119755289,1.35011245265619,5,0.0924055983229717
"627","L92M",0.616922061932823,1.49218448641326,0.830012501492142,0.527413100158071,0.613063027981587,2.2271599339549,0.815919035595577,5,0.176283807521468
"628","L92F",NA,NA,NA,NA,NA,NA,NA,0,NA
"629","L92Y",NA,NA,NA,NA,NA,NA,NA,0,NA
"630","L92W",0.643613852528793,0.438489013263707,0.548741334023037,0.548741334023037,0.554701767593622,0.965329992206667,0.546857460286439,5,0.0325377863932962
"631","R93_",0.534551068132721,0.364185403225285,0.455755054180513,0.455755054180513,0.460705469898217,1.01664894890415,0.45419040992345,5,0.0270241362936369
"632","R93R",1.04083075657348,0.850571999458528,0.834273341767223,1.62154023562875,1.56151060567942,1.75255795197449,1.18174538782148,5,0.171451261019159
"633","R93H",0.433499676444364,0.295339891500737,0.369599240003917,0.369599240003917,0.373613830451535,0.650188366268747,0.368330375680894,5,0.0219155007591741
"634","R93K",0.774522576554466,1.05618412609334,0.678132046371554,1.26799829353345,0.989676407453792,1.38996181551096,0.953302690001321,5,0.104551942156952
"635","R93D",0.216287710277959,0.147355101647079,0.184405612471502,0.184405612471502,0.186408627981781,0.793968901744723,0.183772532969965,5,0.0109343875817286
"636","R93E",0.102875488422139,0.169018849473307,0.476108477853454,0.393107631902678,0.771762556133631,0.337486236362451,0.382574600757042,5,0.119198248281446
"637","R93S",0.363806472861704,0.448311692481715,0.419436485016791,0.368727831718965,0.48010332569169,0.690577440387948,0.416077161554173,5,0.022498759593184
"638","R93T",10.0618473194248,1.21884899626801,0.172616083006542,0.356954239381027,2.42433101847342,0.308203569049722,2.84691953131077,5,1.84710860258112
"639","R93N",NA,NA,NA,NA,NA,NA,NA,0,NA
"640","R93Q",1.27908151835688,0.362933398651865,0.095204723016753,0.414588363399467,0.319774999394745,0.412736425650546,0.494316600563941,5,0.203620870133997
"641","R93C",0.147910481638497,0.268241538979354,0.12610759493662,0.12610759493662,0.494472766220391,0.92808241834814,0.232567995342297,5,0.0706049711634793
"642","R93G",0.341960560697605,0.581201499325307,0.483372127769022,0.435035651283524,0.845265684387795,0.781821434878391,0.537367104692651,5,0.0861086206070547
"643","R93P",1.16599648083125,0.771061776269838,0.128485816536144,0.128485816536144,0.642251668000959,0.392386196073362,0.567256311634867,5,0.198832826243459
"644","R93A",0.187751500963771,0.38487091891561,0.0817536363894664,1.85810999816055,0.331718713631967,2.34521997313759,0.568840953612272,5,0.326708572362988
"645","R93V",1.55886163051516,0.467022563000665,0.0508595105114016,0.14968046700493,1.75682426908283,0.440777680041182,0.796649688022998,5,0.359605928396564
"646","R93I",0.281124244201411,1.27271914592775,0.413605429054582,0.325375326694064,0.485158418900173,0.606073077918424,0.555596512955597,5,0.182719003478182
"647","R93L",1.2090722069309,1.19651571518614,0.184867793774826,0.130897313828677,0.906598977678826,0.609069134728938,0.725590401479875,5,0.238152285201357
"648","R93M",1.33136788753854,0.966323472837391,1.78566443991696,0.665910189691578,1.13457447271007,1.67617849093414,1.17676809253891,5,0.187309756136914
"649","R93F",0.108434565825616,0.0738756097087353,1.36504563262168,2.44821916783126,1.29916638646797,1.33252588238226,1.05894827249105,5,0.444708804405807
"650","R93Y",1.31451590133245,0.505024110560366,0.632005810316686,0.632005810316686,0.638870663417871,1.11180646712858,0.744484459188813,5,0.144695243591308
"651","R93W",0.268881704743062,0.358681681803539,1.28202471224246,0.550486273553852,1.02534809889989,1.84055718399192,0.697084494248561,5,0.196122051728927
"652","E94_",0.808019013320889,0.908447673966344,0.852083609064806,2.36508551670177,1.39900055159212,3.63771741899702,1.26652727292919,5,0.294499045699656
"653","E94R",0.106626630826101,0.183846490866704,0.0909092298309082,0.0909092298309082,0.819058526415909,0.940133418416936,0.258270021554106,5,0.141251123228991
"654","E94H",NA,NA,NA,NA,NA,NA,NA,0,NA
"655","E94K",0.980883028624448,1.62867375701314,0.621630998810664,0.625416328796413,1.13446860771335,1.3054889214389,0.998214544191604,5,0.186700032986488
"656","E94D",0.898604624315194,1.22151448766599,2.95644478811724,1.92676886437,4.91238408762932,3.1441667739357,2.38314337041955,5,0.724128709582431
"657","E94E",0.411654737316816,0.518351464970154,0.558210535673851,0.573345877724852,0.768194159386267,1.08088855154959,0.565951355014388,5,0.0579180226421424
"658","E94S",0.430335332418088,0.284177700497498,0.366901339150068,0.366901339150068,0.370886624973043,0.645442296583916,0.363840467237753,5,0.0232767155249843
"659","E94T",0.449922439754897,0.34750466490068,0.383601190104833,0.383601190104833,0.387767869867144,1.31088915750328,0.390479470946478,5,0.0165563805986078
"660","E94N",NA,NA,NA,NA,NA,NA,NA,0,NA
"661","E94Q",0.252193345198341,0.194162556912534,0.152906845236056,0.211459750618805,0.255471546175814,0.229063890900974,0.21323880882831,5,0.0191155359247804
"662","E94C",NA,NA,NA,NA,NA,NA,NA,0,NA
"663","E94G",0.456947212175313,0.582437727526284,0.502924240681245,0.537687275101029,0.45988382455401,2.65719457098938,0.507976056007576,5,0.0238428432999415
"664","E94P",0.683321697949631,0.705995914799086,0.320517842367086,0.320517842367086,1.60209908645533,1.21428215386671,0.726490476787645,5,0.234371667193199
"665","E94A",0.574613863753052,1.08403993390098,0.630602273400074,1.17858089480514,1.01495862731102,1.25769823162326,0.896559118634052,5,0.123102715780359
"666","E94V",0.624005752482894,0.759789579889794,2.60332754163341,2.67778200505124,1.74018094993994,1.1871686414301,1.68101716579946,5,0.43667094707662
"667","E94I",0.787721189053123,0.536668198730799,0.671606390106226,0.671606390106226,0.67890138508038,1.18147066956683,0.669300710615351,5,0.0398231077317236
"668","E94L",NA,NA,NA,NA,NA,NA,NA,0,NA
"669","E94M",NA,NA,NA,NA,NA,NA,NA,0,NA
"670","E94F",NA,NA,NA,NA,NA,NA,NA,0,NA
"671","E94Y",NA,NA,NA,NA,NA,NA,NA,0,NA
"672","E94W",NA,NA,NA,NA,NA,NA,NA,0,NA
"673","D95_",2.3494034351477,1.3759638845261,0.0870215579544328,0.908097015678858,1.39836983089349,1.18000478611931,1.22377114484012,5,0.368276062436474
"674","D95R",1.21538516179055,0.878690975950093,0.811836864969866,1.0144601681231,0.776308873520838,0.30402643868183,0.93933640887089,5,0.0801119443978594
"675","D95H",0.379149148838888,0.855418491395855,3.45171042823512,4.53030670708226,1.40187172308205,0.89908918599799,2.12369129972684,5,0.797759338974123
"676","D95K",2.99635066867554,1.98868738333262,0.490753606266356,0.339368109327911,1.68722861866142,0.354679297871622,1.50047767725277,5,0.493891626065462
"677","D95D",1.31924480349995,1.82400938145324,0.834304313590848,0.951106578523313,0.822656202918459,1.14207386161103,1.15026425599716,5,0.190959213139137
"678","D95E",0.587318029729071,1.63183228476629,1.11392496842596,0.941861910748991,0.976674147656864,1.51409656404721,1.05032226826543,5,0.169375296676189
"679","D95S",1.0588901684572,1.08696865806663,0.898774367573696,0.849211768101032,0.75138092647775,1.02557832556113,0.929045177735262,5,0.0635034757600359
"680","D95T",0.0242809794591962,0.0567730876552284,1.64007491423595,1.12933043798526,1.46506339703671,1.08721328355245,0.863104563274469,5,0.345738993571895
"681","D95N",1.54932784382633,1.12098093320834,3.52341993572983,1.22924629051677,1.06411680780997,0.986592020848198,1.69741836221825,5,0.464152378277065
"682","D95Q",0.294430351912954,0.960773213910106,2.31846005100872,2.22976706083757,1.92562527264537,1.53319159012658,1.54581119006294,5,0.394795141082421
"683","D95C",1.61972786206729,1.44355824123531,0.948649595980798,0.35193525157831,0.741477843562345,0.693820170239785,1.02106975888481,5,0.231089306351669
"684","D95G",0.989282647411655,0.99526911100368,0.834988846474331,1.25144214566938,1.06920944789606,0.993741672482242,1.02803843969102,5,0.0676196175456636
"685","D95P",0.0578904358662322,0.0394402948299725,0.483624833693893,0.247094221936676,0.182489024305408,0.212910614190211,0.202107762126436,5,0.0802869479224841
"686","D95A",1.03882570220131,0.74236462685484,0.980921598830533,1.62155228553557,0.2404159277617,0.657460364605106,0.92481602823679,5,0.223973152904584
"687","D95V",1.46573726509615,1.27464721698803,0.851923268410103,1.12085611104193,0.989453748576322,1.12300038808825,1.14052352202251,5,0.107296815918292
"688","D95I",1.64235589512935,1.50400036964241,1.14832038696989,1.35696079030657,1.35181859461605,0.9358403986439,1.40069120733285,5,0.0827848165313593
"689","D95L",0.57160240025648,0.257284646746373,0.2574792256002,0.0892181758393154,1.49532933401548,1.13704677130188,0.53418275649157,5,0.252629556707907
"690","D95M",1.20445397772056,0.955139577611241,0.354595708126469,1.29215377523164,1.06282364336552,0.528512405574207,0.973833336411084,5,0.165263086259813
"691","D95F",0.291247195068453,0.124115691949005,1.83425119223068,1.369743251702,1.24904991667221,1.07502732193083,0.97368144952447,5,0.32869069913861
"692","D95Y",0.248731727516855,0.313389770718076,0.55386563033519,0.520001326082193,1.24492551191472,1.10177336990717,0.576182793313407,5,0.177081282173189
"693","D95W",1.382517026179,0.876628708804558,1.85571276535071,1.83634107644781,1.57243746650918,1.76328578443486,1.50472740865825,5,0.179886957775595
"694","L96_",2.87382317180913,1.943118014566,1.12668609870157,1.59198062190694,0.973380244227419,0.914770772101914,1.70179763024221,5,0.339505842015625
"695","L96R",0.444212633996405,0.713549290607219,0.563491123370899,0.694136699544642,1.02902043404052,1.09447974110417,0.688882036311936,5,0.0979582084378715
"696","L96H",0.814671858411278,0.673838754411242,0.0669212383603951,0.214886685671162,0.598229043565464,0.496156707422824,0.473709516083908,5,0.142175613956684
"697","L96K",0.527338579239241,0.173672143496257,0.0220877208493091,0.116788084994242,0.482236139947191,0.481538482367302,0.264424533705248,5,0.101322588630217
"698","L96D",1.15570002473413,0.949942505214234,0.528376571757495,0.827271511674399,0.842620635206053,0.98234868646728,0.860782249717263,5,0.101703587381889
"699","L96E",0.480285818669752,0.409135928272915,0.736088089452713,1.43281575544315,0.507603776387195,0.389751820885528,0.713185873645144,5,0.188061756062586
"700","L96S",0.508431755200045,0.663880219720907,0.785163806802548,0.677291137344748,0.601253346239104,0.612050907402095,0.64720405306147,5,0.04559903449561
"701","L96T",0.0269185970039915,0.115583497991221,0.1459072077965,0.116727428671472,0.482578266431571,0.495524477932127,0.177542999578951,5,0.0788265696001093
"702","L96N",1.53931802573117,1.35251225975558,0.142776655892243,1.47188942766689,0.843605439027199,1.24005363086529,1.07002036161462,5,0.261971880483602
"703","L96Q",0.052211307437167,0.0606386148437635,1.6291943012242,1.74042740067935,0.850910957578925,0.40050057319995,0.866676516352681,5,0.36456640054681
"704","L96C",1.95540509723164,1.36643601759858,0.645747602967324,0.496800226229454,0.941880227359188,1.08574163074749,1.08125383427724,5,0.264210712120448
"705","L96G",0.905400582330213,0.782368201668802,0.457701868591789,0.592810152780957,0.647214962133552,0.691543888313422,0.677099153501063,5,0.0772450594113366
"706","L96P",0.664012548558749,0.706107107506857,0.405078363722181,0.58040967310326,0.787994342830133,0.585940631051017,0.628720407144236,5,0.065173657959747
"707","L96A",0.946318096366303,0.710875022548386,0.203741510024408,0.554766925609747,0.796774799438757,0.590171630640996,0.64249527079752,5,0.126686107739919
"708","L96V",1.24335229886372,1.09136881159283,1.35435568612123,1.13061732880843,1.07565835187955,1.03559175374154,1.17907049545315,5,0.0527211601093826
"709","L96I",0.339531500146614,0.389815125552679,0.96453177910031,0.965935479372204,1.10748942338097,0.927441874811492,0.753460661510556,5,0.161029245105816
"710","L96L",1.89958060621625,1.49349745712302,0.864448008024849,1.02580125876426,1.14279124408228,1.40395231403136,1.28522371484213,5,0.185128544070649
"711","L96M",2.00228496621649,1.39680464543542,1.1094011571397,0.907254581763117,0.929923996433573,1.3230263007711,1.26913386939766,5,0.203143404264231
"712","L96F",0.618692431681895,1.0723310350961,1.17139790216781,0.742241780407827,0.960515271459383,1.10540764859933,0.913035684162603,5,0.102515575297656
"713","L96Y",0.376508636616766,1.14446448325009,0.0254474085478534,0.185329854891316,0.596079019314628,0.368198152995258,0.46556588052413,5,0.194692666054707
"714","L96W",0.736846798588988,0.481274683628499,1.59055814437565,1.27920206932237,1.03666788751638,0.795599947600422,1.02490991668638,5,0.19535612261818
"715","N97_",2.51267372058892,1.81048068180413,1.58674000043335,1.60316305104467,1.27138341589807,1.13687824336336,1.75688817395383,5,0.20765122608123
"716","N97R",2.86603367961022,1.93817460234659,1.4901263515435,1.34614849728047,1.34571176222071,1.38993935512053,1.7972389786003,5,0.28843219117448
"717","N97H",1.18034285603872,1.13675585536596,2.07877528328532,1.442424484231,1.1895255612104,0.640005036611483,1.40556480802628,5,0.176667359263196
"718","N97K",2.39335457783772,1.47511423437671,0.743551327789726,1.0718141375148,1.16550834499648,1.52696744376866,1.36986852450309,5,0.281200381604216
"719","N97D",1.46023744530307,1.4036956757118,1.69610009236045,1.86737409305211,1.46171923274772,1.49795719345662,1.57782530783503,5,0.088163506777354
"720","N97E",2.44288960607933,1.72615934394217,1.61356505035454,1.7451913561904,1.11529000343558,0.847190272962062,1.7286190720004,5,0.212117073919366
"721","N97S",2.40306288277323,1.47132880703914,1.24422582684397,0.853351005285816,1.1504236199302,1.15413365582771,1.42447842837447,5,0.263970269553766
"722","N97T",3.51127869533792,1.39435586685302,1.17780565330036,1.22792286358541,1.15869435323709,0.717754540791657,1.69401148646276,5,0.456208565160069
"723","N97N",NA,NA,NA,NA,NA,NA,NA,0,NA
"724","N97Q",2.28182450092781,2.01244046041126,1.45984206386565,1.08443647983031,1.11257104616301,1.1638732066894,1.59022291023961,5,0.240577513647745
"725","N97C",1.94457830077225,1.47004928309729,1.30881675699039,1.03011439252703,1.37962149516462,1.61998726524319,1.42663604571032,5,0.14890770009636
"726","N97G",1.79711028329257,1.10794126818269,1.19129218449927,1.0634033368577,1.1748072663948,1.03015875332394,1.26691086784541,5,0.134536115522437
"727","N97P",0.388220617608007,0.060286933917234,1.18701313998068,0.692230033302434,1.14266987168773,1.14537379628154,0.694084119299217,5,0.216732898768942
"728","N97A",2.80691922414166,1.49668256503233,0.648668276837296,1.33603576864936,1.17192377528314,0.856387265731708,1.49204592198876,5,0.358260834328204
"729","N97V",2.48445360863849,1.57173445293781,0.974870649371693,1.23995435438906,1.2169362268548,1.21015637666724,1.49758985843837,5,0.264364839544483
"730","N97I",1.91850254735968,1.72807154273631,1.38462154012793,1.14787216018932,1.2413525878893,0.972014430189293,1.48408407566051,5,0.146645681129467
"731","N97L",2.17096819974083,1.17932342810775,1.45301631861165,1.37059232808205,1.16138574013752,1.15725396467729,1.46705720293596,5,0.18455609963941
"732","N97M",1.29028892746237,1.15731674079821,0.158037885980813,0.271868793699333,1.14504764739692,1.20372781417895,0.804511999067527,5,0.242698630079328
"733","N97F",2.44540141829424,1.90634292713236,1.31327573269874,1.16047468073805,1.72217371853236,1.52816193494194,1.70953369547915,5,0.227912387120922
"734","N97Y",2.40396661767706,2.45890451158936,2.05160540745618,2.02432871594757,2.07436810238423,1.98101298575903,2.20263467101088,5,0.0941445560366295
"735","N97W",2.19503905826469,1.30959549430665,1.09675293578368,0.957234438718423,1.07930450403536,1.0652278239753,1.32758528622176,5,0.224152442581266
"736","Y98_",4.18424879368,3.20125059101887,0.841305028606861,1.73960601954877,1.88897254991616,2.32439673211599,2.37107659655413,5,0.589413383332269
"737","Y98R",2.05271689083862,0.742223995700727,0.5421380001936,0.820586316229715,1.11029668523815,1.10933778935551,1.05359237764016,5,0.265922248552943
"738","Y98H",0.439074912936851,0.497086494644672,0.210268149776469,0.368639774186961,1.14199445393564,1.2161035012786,0.531412757096118,5,0.160022417343466
"739","Y98K",0.444888091172447,0.463226060547385,0.110571137709695,0.14442439069867,1.50486540561848,0.326616534896119,0.533595017149334,5,0.253632594056312
"740","Y98D",1.01688812684326,0.743103569819589,0.28299314986104,0.650595277557344,0.649678087414311,1.56725805289956,0.668651642299108,5,0.117522389262948
"741","Y98E",1.06643361862844,0.936710287289524,2.10726027707916,1.05958661564118,1.50800244297006,1.36852390264232,1.33559864832167,5,0.21597790600741
"742","Y98S",2.54736037001638,2.00298357345663,0.898356975886145,0.808515600853261,0.82180347193902,0.885976959728333,1.41580399843029,5,0.361565133817448
"743","Y98T",1.84355561600711,1.07025948234824,0.415919919725686,0.39036850372435,0.990370494530414,0.557791774145814,0.942094803267159,5,0.265767778512911
"744","Y98N",1.50323916373974,0.463671720286339,0.599405344903056,0.763156763524257,0.908485020542964,1.55536789920328,0.847591602599271,5,0.180236215752046
"745","Y98Q",0.378471477987034,0.176182537565842,0.096033319338383,0.743603628820643,0.381843321651335,0.62114062743536,0.355226857072647,5,0.112098934823747
"746","Y98C",0.759986257554,1.21287440752508,1.28004401065163,1.16807432911219,1.45874490957649,0.709610006506422,1.17594478288388,5,0.115165054789315
"747","Y98G",0.915224325587668,0.903231504234091,0.771110604540308,0.902792474047483,1.17995446341833,0.883393852434611,0.934462674365576,5,0.0668201387488055
"748","Y98P",1.78560007352729,0.210498113352741,0.123347912980322,0.0567358441717661,0.905466029822606,0.888120446968753,0.616329594770945,5,0.329520001378243
"749","Y98A",1.5192869311637,1.20504562412877,0.911677256674967,0.449596035443005,1.5205276938402,1.21857257006229,1.12122670825013,5,0.202474388766712
"750","Y98V",2.14816076231743,1.33806065961127,0.878089963174174,1.08786078357366,1.11614848492112,1.44262317353852,1.31366413071953,5,0.220986906413081
"751","Y98I",2.21908394906569,0.601012242661632,0.0612411286482564,0.142260611191956,0.648197021634802,0.987886907142431,0.734358990640467,5,0.389440726513596
"752","Y98L",2.12252992624568,2.08473113811003,1.38869615269892,1.06127636941673,0.956436296137012,1.03308692034527,1.52273397652167,5,0.247709337240031
"753","Y98M",2.45185485926782,2.14627135573142,0.957889225725374,1.41328438948497,1.3045660300472,2.42347504946172,1.65477317205135,5,0.277805578572464
"754","Y98F",3.05894971437853,2.02891012064972,1.05912154226117,1.96595100027956,1.11907958349366,1.63339523550626,1.84640239221253,5,0.365149390928209
"755","Y98Y",3.01456294602036,1.17845474158269,0.303605370475696,0.760451412878943,0.813276644793424,0.910876966395205,1.21407022315022,5,0.471083552731107
"756","Y98W",1.00481979835999,0.732235770329868,1.39170948972307,1.66580613140593,1.36668894222668,0.944557272106316,1.23225202640911,5,0.163280556650134
"757","Z0Z",0.823476182027085,0.845942201212691,0.890562043409385,0.949160333664721,0.917477404814773,0.964140625646468,0.885323633025731,5,0.0229264418289847
