"","variant","endo_dbc_score","sko_dbc_score"
"1","R304W",-0.665977640986444,-0.32030326563364
"2","R429C",0.264231543337266,0.218555563489453
"3","WT",-0.06516393195656,-0.0811566423953966
