variant,bax_delta_cq,rep,bcl2_delta_cq,bax_bcl2_ratio,mean,sd,se,endo_ratio,disease
WT,0.000166153,1,0.000221049,0.751656872,0.520845599,0.21247523,0.08674265,0.6002358,WT
WT,0.000155981,1,0.000244535,0.63786779,0.520845599,0.21247523,0.08674265,0.6002358,WT
D84G,0.000259517,1,0.00028252,0.918579216,0.624068456,0.238572252,0.097396714,0.297728721,myopathy
D84G,0.000220265,1,0.000275649,0.799077813,0.624068456,0.238572252,0.097396714,0.297728721,myopathy
L74P,0.000300799,1,0.00020875,1.440953293,0.435808907,0.544511713,0.222295976,0.395158281,channelopathy
L74P,NA,1,0.000331283,NA,0.435808907,0.544511713,0.222295976,0.395158281,channelopathy
WT,0.000111524,2,0.00015367,0.725736969,0.520845599,0.21247523,0.08674265,0.6002358,WT
WT,0.000101115,2,0.000150715,0.670902034,0.520845599,0.21247523,0.08674265,0.6002358,WT
D84G,NA,2,NA,NA,0.624068456,0.238572252,0.097396714,0.297728721,myopathy
D84G,NA,2,NA,NA,0.624068456,0.238572252,0.097396714,0.297728721,myopathy
L74P,0.000161445,2,0.000267565,0.603386093,0.435808907,0.544511713,0.222295976,0.395158281,channelopathy
L74P,0.000240309,2,0.00025117,0.956758371,0.435808907,0.544511713,0.222295976,0.395158281,channelopathy
WT,0.000131202,3,0.0004578,0.286592398,0.520845599,0.21247523,0.08674265,0.6002358,WT
WT,0.00014889,3,0.000498959,0.298401271,0.520845599,0.21247523,0.08674265,0.6002358,WT
D84G,0.00016316,3,0.000369511,0.441556544,0.624068456,0.238572252,0.097396714,0.297728721,myopathy
D84G,0.000218186,3,0.000466219,0.467990365,0.624068456,0.238572252,0.097396714,0.297728721,myopathy
L74P,3.27E-05,3,0.000520422,0.062833623,0.435808907,0.544511713,0.222295976,0.395158281,channelopathy
L74P,0.000155621,3,0.000517401,0.300774448,0.435808907,0.544511713,0.222295976,0.395158281,channelopathy