,variant,green_mfi,red_mfi,campari,replicate,endo_ratio,norm_wt_campari
1,D84G,3490,383,0.10974212,1,0.297728721,1.164518966
2,L74P,3661,391,0.10680142,1,0.395158281,1.133313984
3,D76X,5117,442,0.086378738,1,0.006879312,0.916600469
4,E90X,6404,385,0.060118676,1,1.42774989,0.637944104
5,WT,3905,368,0.094238156,1,0.860668817,1
6,R429C,7436,532,0.071543841,1,1.837517752,0.759181249
7,R304W,3054,367,0.120170269,1,0.21578555,1.275176363
8,N80T,3139,363,0.115641924,1,0.153996628,1.227124223
9,D77M,3159,364,0.115226337,1,0.139797112,1.222714258
10,L96V,3445,382,0.110885341,1,0.105043398,1.176650156
13,D89I,6517,378,0.058002148,1,1.330757484,0.615484751
14,V85N,3386,319,0.094211459,1,0.079549189,0.999716707
16,D84G,2654,303,0.114,2,0.297728721,3.8
17,L74P,4608,291,0.063,2,0.395158281,2.1
18,D76X,21282,262,0.012,2,0.006879312,0.4
19,E90X,26267,311,0.012,2,1.42774989,0.4
20,WT,15006,445,0.03,2,0.860668817,1
21,R429C,15843,1134,0.072,2,1.837517752,2.4
22,R304W,3416,244,0.071,2,0.21578555,2.366666667
23,N80T,4755,301,0.063,2,0.153996628,2.1
24,D77M,6926,366,0.053,2,0.139797112,1.766666667
25,L96V,4405,342,0.078,2,0.105043398,2.6
28,D89I,6867,493,0.072,2,1.330757484,2.4
29,V85N,5788,369,0.064,2,0.079549189,2.133333333
31,D84G,6654,217,0.032611963,3,0.297728721,0.906563906
32,L74P,12944,760,0.058714462,3,0.395158281,1.632174427
33,D76X,31482,375,0.011911569,3,0.006879312,0.331123843
34,E90X,54735,421,0.007691605,3,1.42774989,0.213815141
35,WT,18625,670,0.035973154,3,0.860668817,1
36,R429C,42357,397,0.009372713,3,1.837517752,0.260547435
37,R304W,3740,276,0.073796791,3,0.21578555,2.051440666
38,N80T,7461,883,0.118348747,3,0.153996628,3.28991856
39,D77M,16362,726,0.044371104,3,0.139797112,1.233450478
40,L96V,7384,1035,0.140167931,3,0.105043398,3.896459315
43,D89I,30755,592,0.019248903,3,1.330757484,0.535090779
44,V85N,8832,1111,0.125792573,3,0.079549189,3.496845815