variant,Target,mean_exp,endo_ratio,mean_bax_bcl2_ratio,campari,sko_ratio,bac_ratio,Position,Location,disease
WT,chop,0.004180234,0.6002358,NA,0.061979144,0.829551509,NA,NA,NA,WT
D84G,chop,0.00760821,0.297728721,NA,0.085451361,0.697493103,0.854164167,84,cEF,myopathy
L74P,chop,0.006387078,0.395158281,NA,0.076171961,1.144317938,0.874982498,74,cEF,channelopathy
WT,bip,0.052853976,0.6002358,NA,0.061979144,0.829551509,NA,NA,NA,WT
D84G,bip,0.088231298,0.297728721,NA,0.085451361,0.697493103,0.854164167,84,cEF,myopathy
L74P,bip,0.075449393,0.395158281,NA,0.076171961,1.144317938,0.874982498,74,cEF,channelopathy
WT,BAX/BCL-2,NA,0.6002358,0.476429927,0.061979144,0.829551509,NA,NA,NA,WT
D84G,BAX/BCL-2,NA,0.297728721,0.593995735,0.085451361,0.697493103,0.854164167,84,cEF,myopathy
L74P,BAX/BCL-2,NA,0.395158281,0.317002998,0.076171961,1.144317938,0.874982498,74,cEF,channelopathy