variant,Target,mean_exp,endo_ratio,mean_bax_bcl2_ratio,campari,sko_ratio,bac_ratio,Position,Location,disease
WT,chop,0.004180234,0.860668817,NA,0.061979144,0.829551509,NA,NA,NA,WT
R304W,chop,0.002345507,0.21578555,NA,0.088322353,0.478295984,NA,304,SOAR,myopathy
R429C,chop,0.001673831,1.837517752,NA,0.041359403,1.654076393,NA,429,SOAR,channelopathy
WT,bip,0.052853976,0.860668817,NA,0.061979144,0.829551509,NA,NA,NA,WT
R304W,bip,0.03324915,0.21578555,NA,0.088322353,0.478295984,NA,304,SOAR,myopathy
R429C,bip,0.021273069,1.837517752,NA,0.041359403,1.654076393,NA,429,SOAR,channelopathy
WT,BAX/BCL-2,NA,0.860668817,0.476429927,0.061979144,0.829551509,NA,NA,NA,WT
R304W,BAX/BCL-2,NA,0.21578555,0.514998026,0.088322353,0.478295984,NA,304,SOAR,myopathy
R429C,BAX/BCL-2,NA,1.837517752,0.393702307,0.041359403,1.654076393,NA,429,SOAR,channelopathy