reads,count,freq
10000,1,1e-04
17782.7941003892,1,5.62341325190349e-05
31622.7766016838,3,9.48683298050514e-05
56234.1325190349,5,8.89139705019461e-05
1e+05,5,5e-05
177827.941003892,5,2.81170662595175e-05
316227.766016838,3,9.48683298050514e-06
562341.325190349,5,8.89139705019461e-06
1e+06,5,5e-06
1778279.41003892,5,2.81170662595175e-06
3162277.66016838,5,1.58113883008419e-06
