plasmid_name,Sample,time_pt,pct_mcherry,norm_pct,replicate
G758,dEctoACE2,7,5.887033,1,1
pNK005,WT STIM1,7,2.163917,1,1
pNK013,[R429C]STIM1,7,0.426439,1,1
pNK014,[R304W]STIM1,7,0.64358,1,1
G758,dEctoACE2,14,5.076011,0.862235867,1
pNK005,WT STIM1,14,1.420265,0.656339869,1
pNK013,[R429C]STIM1,14,0.183727,0.43084005,1
pNK014,[R304W]STIM1,14,0.057106,0.088731782,1
G758,dEctoACE2,7,9.195792,1,2
pNK005,WT STIM1,7,3.767038,1,2
pNK013,[R429C]STIM1,7,1.702484,1,2
pNK014,[R304W]STIM1,7,0.625978,1,2
G758,dEctoACE2,14,4.473772,0.486502087,2
pNK005,WT STIM1,14,1.307759,0.347158431,2
pNK013,[R429C]STIM1,14,0.899965,0.528618771,2
pNK014,[R304W]STIM1,14,0.001,0.0015975,2